#
# There is insufficient memory for the Java Runtime Environment to continue.
# Native memory allocation (mmap) failed to map 298844160 bytes for G1 virtual space
# Possible reasons:
#   The system is out of physical RAM or swap space
#   The process is running with CompressedOops enabled, and the Java Heap may be blocking the growth of the native heap
# Possible solutions:
#   Reduce memory load on the system
#   Increase physical memory or swap space
#   Check if swap backing store is full
#   Decrease Java heap size (-Xmx/-Xms)
#   Decrease number of Java threads
#   Decrease Java thread stack sizes (-Xss)
#   Set larger code cache with -XX:ReservedCodeCacheSize=
#   JVM is running with Unscaled Compressed Oops mode in which the Java heap is
#     placed in the first 4GB address space. The Java Heap base address is the
#     maximum limit for the native heap growth. Please use -XX:HeapBaseMinAddress
#     to set the Java Heap base and to place the Java Heap above 4GB virtual address.
# This output file may be truncated or incomplete.
#
#  Out of Memory Error (os_windows.cpp:3548), pid=4632, tid=18016
#
# JRE version: Java(TM) SE Runtime Environment (17.0.12+8) (build 17.0.12+8-LTS-286)
# Java VM: Java HotSpot(TM) 64-Bit Server VM (17.0.12+8-LTS-286, mixed mode, sharing, tiered, compressed oops, compressed class ptrs, g1 gc, windows-amd64)
# No core dump will be written. Minidumps are not enabled by default on client versions of Windows
#

---------------  S U M M A R Y ------------

Command Line: --add-opens=java.base/java.lang=ALL-UNNAMED --add-opens=java.base/java.lang.invoke=ALL-UNNAMED --add-opens=java.base/java.util=ALL-UNNAMED --add-opens=java.prefs/java.util.prefs=ALL-UNNAMED --add-exports=jdk.compiler/com.sun.tools.javac.api=ALL-UNNAMED --add-exports=jdk.compiler/com.sun.tools.javac.util=ALL-UNNAMED --add-opens=java.base/java.util=ALL-UNNAMED --add-opens=java.prefs/java.util.prefs=ALL-UNNAMED --add-opens=java.base/java.nio.charset=ALL-UNNAMED --add-opens=java.base/java.net=ALL-UNNAMED --add-opens=java.base/java.util.concurrent.atomic=ALL-UNNAMED --add-opens=java.xml/javax.xml.namespace=ALL-UNNAMED -Xmx2048m -Dfile.encoding=UTF-8 -Duser.country=US -Duser.language=en -Duser.variant -javaagent:C:\Users\adish\.gradle\wrapper\dists\gradle-8.13-bin\5xuhj0ry160q40clulazy9h7d\gradle-8.13\lib\agents\gradle-instrumentation-agent-8.13.jar org.gradle.launcher.daemon.bootstrap.GradleDaemon 8.13

Host: AMD Ryzen 7 4800H with Radeon Graphics         , 16 cores, 7G,  Windows 11 , 64 bit Build 26100 (10.0.26100.7705)
Time: Sun Mar  1 17:08:36 2026 India Standard Time elapsed time: 19258.686652 seconds (0d 5h 20m 58s)

---------------  T H R E A D  ---------------

Current thread (0x000002928292df90):  VMThread "VM Thread" [stack: 0x000000d45ef00000,0x000000d45f000000] [id=18016]

Stack: [0x000000d45ef00000,0x000000d45f000000]
Native frames: (J=compiled Java code, j=interpreted, Vv=VM code, C=native code)
V  [jvm.dll+0x67a04a]
V  [jvm.dll+0x7da4ed]
V  [jvm.dll+0x7dbe33]
V  [jvm.dll+0x7dc4a3]
V  [jvm.dll+0x24508f]
V  [jvm.dll+0x677089]
V  [jvm.dll+0x66bd32]
V  [jvm.dll+0x301fa6]
V  [jvm.dll+0x309546]
V  [jvm.dll+0x359d2e]
V  [jvm.dll+0x359f5f]
V  [jvm.dll+0x2d9078]
V  [jvm.dll+0x2d74ad]
V  [jvm.dll+0x2d6afc]
V  [jvm.dll+0x31a65b]
V  [jvm.dll+0x7e0d9b]
V  [jvm.dll+0x7e1ad4]
V  [jvm.dll+0x7e1fed]
V  [jvm.dll+0x7e23c4]
V  [jvm.dll+0x7e2490]
V  [jvm.dll+0x78abea]
V  [jvm.dll+0x678f35]
C  [ucrtbase.dll+0x37b0]
C  [KERNEL32.DLL+0x2e8d7]
C  [ntdll.dll+0x8c40c]

VM_Operation (0x000000d4662f85e0): G1CollectForAllocation, mode: safepoint, requested by thread 0x00000292c97c6080


---------------  P R O C E S S  ---------------

Threads class SMR info:
_java_thread_list=0x00000292d1482ff0, length=206, elements={
0x00000292e3d646d0, 0x0000029282932050, 0x0000029282933490, 0x0000029282948020,
0x00000292829488f0, 0x0000029282949d30, 0x000002928294b170, 0x000002928294d500,
0x000002928295bf50, 0x000002928295c860, 0x000002928291aa60, 0x0000029282e1a1a0,
0x00000292c8e69fc0, 0x00000292c994a580, 0x00000292c99bc050, 0x00000292c9c628d0,
0x00000292c9c61490, 0x00000292c9c619a0, 0x00000292c9c632f0, 0x00000292c97c28d0,
0x00000292c97c4220, 0x00000292c97c2de0, 0x00000292c97c19a0, 0x00000292c97c32f0,
0x00000292c97c7ee0, 0x00000292c97c74c0, 0x00000292c8d0ef10, 0x00000292c8d0e4f0,
0x00000292c8d0f930, 0x00000292c8d10350, 0x00000292c8d0fe40, 0x00000292c8d10860,
0x00000292ca6f5a10, 0x0000029282f44460, 0x00000292c8c1fac0, 0x00000292c8c21410,
0x00000292cc850440, 0x00000292cc8531d0, 0x00000292c8d0f420, 0x00000292ccf9b1b0,
0x00000292cee87840, 0x00000292cda91520, 0x00000292ca2a1d80, 0x00000292ccf02fe0,
0x00000292cda900e0, 0x00000292ca161e80, 0x00000292cb2b5720, 0x00000292c8d0dad0,
0x00000292c8d11790, 0x00000292c8d0dfe0, 0x00000292cb2b2ea0, 0x00000292cb2b1f70,
0x00000292cb2b33b0, 0x00000292cb2b2480, 0x00000292cb2b4d00, 0x00000292cb2b5210,
0x00000292cb2b42e0, 0x00000292cb2b2990, 0x00000292cb2b38c0, 0x00000292cb2b3dd0,
0x00000292cdbaa4a0, 0x00000292cdbaa9b0, 0x00000292cdbab3d0, 0x00000292cdba9570,
0x00000292cdbaaec0, 0x00000292cdbab8e0, 0x00000292cdbabdf0, 0x00000292cdba9060,
0x00000292cdba9a80, 0x00000292cc622980, 0x00000292cc622e90, 0x00000292cc61fbf0,
0x00000292cc621540, 0x00000292cc620100, 0x00000292cc621a50, 0x00000292cc620610,
0x00000292cc621f60, 0x00000292ca1fc020, 0x00000292ca1fa6d0, 0x00000292ca1fabe0,
0x00000292ca1fb0f0, 0x00000292cc1552a0, 0x00000292cc154d90, 0x00000292cc157610,
0x00000292cc1557b0, 0x00000292cc155cc0, 0x00000292cc157b20, 0x00000292cc154880,
0x00000292cc158030, 0x00000292cc1561d0, 0x00000292cc1566e0, 0x00000292cc156bf0,
0x00000292cc157100, 0x00000292d97acbd0, 0x00000292c8d15450, 0x00000292c8d13b00,
0x00000292c8d14520, 0x00000292c8d126c0, 0x00000292c8d14a30, 0x00000292c8d12bd0,
0x00000292d97ab280, 0x00000292c8d11ca0, 0x00000292c8d130e0, 0x00000292c8d135f0,
0x00000292c8d121b0, 0x00000292c97c1490, 0x00000292c97c6fb0, 0x00000292c97c5150,
0x00000292c97c5660, 0x00000292c97c3800, 0x00000292c97c5b70, 0x00000292c97c6aa0,
0x00000292c97c79d0, 0x00000292c97c83f0, 0x00000292c97c6080, 0x00000292c9c623c0,
0x00000292cead8240, 0x00000292ca5f6520, 0x00000292d97a9420, 0x00000292d97ac6c0,
0x00000292d97a9930, 0x00000292d97aa860, 0x00000292d97a9e40, 0x00000292d97aa350,
0x00000292d97aad70, 0x00000292ccf98e40, 0x00000292ccf97a00, 0x00000292ccf98420,
0x00000292ccf9a280, 0x00000292ccf9aca0, 0x00000292c8c1ffd0, 0x00000292c8c204e0,
0x00000292c8c209f0, 0x00000292d8dfa2f0, 0x00000292ca5f8890, 0x00000292ca5f8380,
0x00000292ca5f7e70, 0x00000292ca5f8da0, 0x00000292ca5f6f40, 0x00000292ca5f7450,
0x00000292ca5f92b0, 0x00000292ca5f6a30, 0x00000292d80e12b0, 0x00000292d80e2c00,
0x00000292d80e0380, 0x00000292d80e3620, 0x00000292ca161460, 0x00000292ca1628a0,
0x00000292d06218e0, 0x00000292c9c64220, 0x00000292c9c60a70, 0x00000292d06204a0,
0x00000292d06209b0, 0x00000292cee84fc0, 0x00000292cee84090, 0x00000292cf562830,
0x00000292cf563250, 0x00000292cf562320, 0x00000292cf563760, 0x00000292cf563c70,
0x00000292cf564180, 0x00000292cf562d40, 0x00000292cf564ba0, 0x00000292cf5613f0,
0x00000292da473bd0, 0x00000292da476960, 0x00000292da475a30, 0x00000292da4745f0,
0x00000292da475520, 0x00000292da4740e0, 0x00000292da475f40, 0x00000292cfb4c490,
0x00000292cfb4ceb0, 0x00000292cfb4c9a0, 0x00000292cfb4ba70, 0x00000292cfb4bf80,
0x00000292cfb49c10, 0x00000292cfb4b050, 0x00000292cfb4a120, 0x00000292cfb4a630,
0x00000292cfb4ab40, 0x00000292cfb4b560, 0x00000292cda92450, 0x00000292cda905f0,
0x00000292cda91010, 0x00000292ca162db0, 0x00000292cead63e0, 0x00000292cead6e00,
0x00000292cead7310, 0x00000292cead8750, 0x00000292cead4fa0, 0x00000292cead59c0,
0x00000292cead54b0, 0x00000292cead5ed0, 0x00000292cead68f0, 0x00000292cead7820,
0x00000292d0a3bcd0, 0x00000292d0a3c6f0, 0x00000292d0a3a380, 0x00000292d8dfad10,
0x00000292d8df9de0, 0x00000292d05ec080, 0x00000292d05ecb20, 0x00000292d05ee060,
0x00000292d05eb090, 0x00000292d05eb5e0
}

Java Threads: ( => current thread )
  0x00000292e3d646d0 JavaThread "main" [_thread_blocked, id=3896, stack(0x000000d45e900000,0x000000d45ea00000)]
  0x0000029282932050 JavaThread "Reference Handler" daemon [_thread_blocked, id=18592, stack(0x000000d45f000000,0x000000d45f100000)]
  0x0000029282933490 JavaThread "Finalizer" daemon [_thread_blocked, id=20324, stack(0x000000d45f100000,0x000000d45f200000)]
  0x0000029282948020 JavaThread "Signal Dispatcher" daemon [_thread_blocked, id=14308, stack(0x000000d45f200000,0x000000d45f300000)]
  0x00000292829488f0 JavaThread "Attach Listener" daemon [_thread_blocked, id=12964, stack(0x000000d45f300000,0x000000d45f400000)]
  0x0000029282949d30 JavaThread "Service Thread" daemon [_thread_blocked, id=7280, stack(0x000000d45f400000,0x000000d45f500000)]
  0x000002928294b170 JavaThread "Monitor Deflation Thread" daemon [_thread_blocked, id=15128, stack(0x000000d45f500000,0x000000d45f600000)]
  0x000002928294d500 JavaThread "C2 CompilerThread0" daemon [_thread_blocked, id=12560, stack(0x000000d45f600000,0x000000d45f700000)]
  0x000002928295bf50 JavaThread "C1 CompilerThread0" daemon [_thread_blocked, id=15868, stack(0x000000d45f700000,0x000000d45f800000)]
  0x000002928295c860 JavaThread "Sweeper thread" daemon [_thread_blocked, id=21092, stack(0x000000d45f800000,0x000000d45f900000)]
  0x000002928291aa60 JavaThread "Common-Cleaner" daemon [_thread_blocked, id=5520, stack(0x000000d45f900000,0x000000d45fa00000)]
  0x0000029282e1a1a0 JavaThread "Notification Thread" daemon [_thread_blocked, id=20632, stack(0x000000d45fe00000,0x000000d45ff00000)]
  0x00000292c8e69fc0 JavaThread "Daemon health stats" [_thread_blocked, id=21636, stack(0x000000d460400000,0x000000d460500000)]
  0x00000292c994a580 JavaThread "Incoming local TCP Connector on port 64851" [_thread_in_native, id=21700, stack(0x000000d45fd00000,0x000000d45fe00000)]
  0x00000292c99bc050 JavaThread "Daemon periodic checks" [_thread_blocked, id=21704, stack(0x000000d460500000,0x000000d460600000)]
  0x00000292c9c628d0 JavaThread "Cache worker for journal cache (C:\Users\adish\.gradle\caches\journal-1)" [_thread_blocked, id=21856, stack(0x000000d460d00000,0x000000d460e00000)]
  0x00000292c9c61490 JavaThread "File lock request listener" [_thread_in_native, id=21860, stack(0x000000d460e00000,0x000000d460f00000)]
  0x00000292c9c619a0 JavaThread "Cache worker for file hash cache (C:\Users\adish\.gradle\caches\8.13\fileHashes)" [_thread_blocked, id=21864, stack(0x000000d460f00000,0x000000d461000000)]
  0x00000292c9c632f0 JavaThread "File watcher server" daemon [_thread_blocked, id=21996, stack(0x000000d461e00000,0x000000d461f00000)]
  0x00000292c97c28d0 JavaThread "File watcher consumer" daemon [_thread_blocked, id=22000, stack(0x000000d461f00000,0x000000d462000000)]
  0x00000292c97c4220 JavaThread "jar transforms" [_thread_blocked, id=22036, stack(0x000000d462000000,0x000000d462100000)]
  0x00000292c97c2de0 JavaThread "jar transforms Thread 2" [_thread_blocked, id=22040, stack(0x000000d462100000,0x000000d462200000)]
  0x00000292c97c19a0 JavaThread "Cache worker for file content cache (C:\Users\adish\.gradle\caches\8.13\fileContent)" [_thread_blocked, id=22096, stack(0x000000d462300000,0x000000d462400000)]
  0x00000292c97c32f0 JavaThread "jar transforms Thread 3" [_thread_blocked, id=22148, stack(0x000000d462400000,0x000000d462500000)]
  0x00000292c97c7ee0 JavaThread "jar transforms Thread 4" [_thread_blocked, id=21640, stack(0x000000d463000000,0x000000d463100000)]
  0x00000292c97c74c0 JavaThread "jar transforms Thread 5" [_thread_blocked, id=1828, stack(0x000000d463100000,0x000000d463200000)]
  0x00000292c8d0ef10 JavaThread "jar transforms Thread 6" [_thread_blocked, id=21804, stack(0x000000d463700000,0x000000d463800000)]
  0x00000292c8d0e4f0 JavaThread "jar transforms Thread 7" [_thread_blocked, id=21848, stack(0x000000d463800000,0x000000d463900000)]
  0x00000292c8d0f930 JavaThread "jar transforms Thread 8" [_thread_blocked, id=21800, stack(0x000000d463900000,0x000000d463a00000)]
  0x00000292c8d10350 JavaThread "jar transforms Thread 9" [_thread_blocked, id=21748, stack(0x000000d463a00000,0x000000d463b00000)]
  0x00000292c8d0fe40 JavaThread "jar transforms Thread 10" [_thread_blocked, id=18528, stack(0x000000d463b00000,0x000000d463c00000)]
  0x00000292c8d10860 JavaThread "jar transforms Thread 11" [_thread_blocked, id=21588, stack(0x000000d45fb00000,0x000000d45fc00000)]
  0x00000292ca6f5a10 JavaThread "jar transforms Thread 12" [_thread_blocked, id=18228, stack(0x000000d466b00000,0x000000d466c00000)]
  0x0000029282f44460 JavaThread "jar transforms Thread 13" [_thread_blocked, id=22360, stack(0x000000d466d00000,0x000000d466e00000)]
  0x00000292c8c1fac0 JavaThread "Memory manager" [_thread_blocked, id=21664, stack(0x000000d467000000,0x000000d467100000)]
  0x00000292c8c21410 JavaThread "jar transforms Thread 14" [_thread_blocked, id=20084, stack(0x000000d467100000,0x000000d467200000)]
  0x00000292cc850440 JavaThread "jar transforms Thread 15" [_thread_blocked, id=3668, stack(0x000000d460a00000,0x000000d460b00000)]
  0x00000292cc8531d0 JavaThread "jar transforms Thread 16" [_thread_blocked, id=4228, stack(0x000000d460b00000,0x000000d460c00000)]
  0x00000292c8d0f420 JavaThread "Cache worker for Java compile cache (C:\Users\adish\.gradle\caches\8.13\javaCompile)" [_thread_blocked, id=10480, stack(0x000000d471200000,0x000000d471300000)]
  0x00000292ccf9b1b0 JavaThread "ForkJoinPool.commonPool-worker-197" daemon [_thread_blocked, id=2416, stack(0x000000d46b000000,0x000000d46b100000)]
  0x00000292cee87840 JavaThread "ForkJoinPool.commonPool-worker-201" daemon [_thread_blocked, id=17300, stack(0x000000d46ae00000,0x000000d46af00000)]
  0x00000292cda91520 JavaThread "ForkJoinPool.commonPool-worker-202" daemon [_thread_blocked, id=23996, stack(0x000000d46ad00000,0x000000d46ae00000)]
  0x00000292ca2a1d80 JavaThread "ForkJoinPool.commonPool-worker-203" daemon [_thread_blocked, id=4812, stack(0x000000d46af00000,0x000000d46b000000)]
  0x00000292ccf02fe0 JavaThread "ForkJoinPool.commonPool-worker-204" daemon [_thread_blocked, id=1204, stack(0x000000d46b200000,0x000000d46b300000)]
  0x00000292cda900e0 JavaThread "ForkJoinPool.commonPool-worker-206" daemon [_thread_blocked, id=24096, stack(0x000000d46b400000,0x000000d46b500000)]
  0x00000292ca161e80 JavaThread "ForkJoinPool.commonPool-worker-208" daemon [_thread_blocked, id=12128, stack(0x000000d46b600000,0x000000d46b700000)]
  0x00000292cb2b5720 JavaThread "Daemon Thread 65" [_thread_blocked, id=2684, stack(0x000000d45e600000,0x000000d45e700000)]
  0x00000292c8d0dad0 JavaThread "Handler for socket connection from /127.0.0.1:64851 to /127.0.0.1:57191" [_thread_in_native, id=6076, stack(0x000000d45e700000,0x000000d45e800000)]
  0x00000292c8d11790 JavaThread "Cancel handler" [_thread_blocked, id=6688, stack(0x000000d45e800000,0x000000d45e900000)]
  0x00000292c8d0dfe0 JavaThread "Daemon worker Thread 64" [_thread_blocked, id=19020, stack(0x000000d45fa00000,0x000000d45fb00000)]
  0x00000292cb2b2ea0 JavaThread "Asynchronous log dispatcher for DefaultDaemonConnection: socket connection from /127.0.0.1:64851 to /127.0.0.1:57191" [_thread_blocked, id=12816, stack(0x000000d45fc00000,0x000000d45fd00000)]
  0x00000292cb2b1f70 JavaThread "Stdin handler" [_thread_blocked, id=9192, stack(0x000000d460600000,0x000000d460700000)]
  0x00000292cb2b33b0 JavaThread "Daemon client event forwarder" [_thread_blocked, id=2796, stack(0x000000d460700000,0x000000d460800000)]
  0x00000292cb2b2480 JavaThread "Cache worker for file hash cache (D:\Android Projects\Crash Detector 2\.gradle\8.13\fileHashes)" [_thread_blocked, id=23028, stack(0x000000d460800000,0x000000d460900000)]
  0x00000292cb2b4d00 JavaThread "Cache worker for Build Output Cleanup Cache (D:\Android Projects\Crash Detector 2\.gradle\buildOutputCleanup)" [_thread_blocked, id=24376, stack(0x000000d460900000,0x000000d460a00000)]
  0x00000292cb2b5210 JavaThread "Cache worker for checksums cache (D:\Android Projects\Crash Detector 2\.gradle\8.13\checksums)" [_thread_blocked, id=11828, stack(0x000000d460c00000,0x000000d460d00000)]
  0x00000292cb2b42e0 JavaThread "Cache worker for cache directory md-supplier (C:\Users\adish\.gradle\caches\8.13\md-supplier)" [_thread_blocked, id=10968, stack(0x000000d461000000,0x000000d461100000)]
  0x00000292cb2b2990 JavaThread "Cache worker for cache directory md-rule (C:\Users\adish\.gradle\caches\8.13\md-rule)" [_thread_blocked, id=18608, stack(0x000000d461900000,0x000000d461a00000)]
  0x00000292cb2b38c0 JavaThread "Unconstrained build operations" [_thread_blocked, id=2556, stack(0x000000d461a00000,0x000000d461b00000)]
  0x00000292cb2b3dd0 JavaThread "Unconstrained build operations Thread 2" [_thread_blocked, id=9528, stack(0x000000d461b00000,0x000000d461c00000)]
  0x00000292cdbaa4a0 JavaThread "Unconstrained build operations Thread 3" [_thread_blocked, id=8116, stack(0x000000d462200000,0x000000d462300000)]
  0x00000292cdbaa9b0 JavaThread "Unconstrained build operations Thread 4" [_thread_blocked, id=15036, stack(0x000000d462500000,0x000000d462600000)]
  0x00000292cdbab3d0 JavaThread "Unconstrained build operations Thread 5" [_thread_blocked, id=20212, stack(0x000000d462600000,0x000000d462700000)]
  0x00000292cdba9570 JavaThread "Unconstrained build operations Thread 6" [_thread_blocked, id=18640, stack(0x000000d462700000,0x000000d462800000)]
  0x00000292cdbaaec0 JavaThread "Unconstrained build operations Thread 7" [_thread_blocked, id=3468, stack(0x000000d462800000,0x000000d462900000)]
  0x00000292cdbab8e0 JavaThread "Unconstrained build operations Thread 8" [_thread_blocked, id=17724, stack(0x000000d462900000,0x000000d462a00000)]
  0x00000292cdbabdf0 JavaThread "Unconstrained build operations Thread 9" [_thread_blocked, id=19776, stack(0x000000d462a00000,0x000000d462b00000)]
  0x00000292cdba9060 JavaThread "Unconstrained build operations Thread 10" [_thread_blocked, id=20588, stack(0x000000d462b00000,0x000000d462c00000)]
  0x00000292cdba9a80 JavaThread "Unconstrained build operations Thread 11" [_thread_blocked, id=22588, stack(0x000000d462c00000,0x000000d462d00000)]
  0x00000292cc622980 JavaThread "Unconstrained build operations Thread 12" [_thread_blocked, id=17208, stack(0x000000d462d00000,0x000000d462e00000)]
  0x00000292cc622e90 JavaThread "Unconstrained build operations Thread 13" [_thread_blocked, id=19248, stack(0x000000d462e00000,0x000000d462f00000)]
  0x00000292cc61fbf0 JavaThread "Unconstrained build operations Thread 14" [_thread_blocked, id=23760, stack(0x000000d462f00000,0x000000d463000000)]
  0x00000292cc621540 JavaThread "Unconstrained build operations Thread 15" [_thread_blocked, id=8536, stack(0x000000d463200000,0x000000d463300000)]
  0x00000292cc620100 JavaThread "Unconstrained build operations Thread 16" [_thread_blocked, id=10376, stack(0x000000d463300000,0x000000d463400000)]
  0x00000292cc621a50 JavaThread "Unconstrained build operations Thread 17" [_thread_blocked, id=2020, stack(0x000000d463400000,0x000000d463500000)]
  0x00000292cc620610 JavaThread "Unconstrained build operations Thread 18" [_thread_blocked, id=5056, stack(0x000000d463500000,0x000000d463600000)]
  0x00000292cc621f60 JavaThread "Unconstrained build operations Thread 19" [_thread_blocked, id=13736, stack(0x000000d463600000,0x000000d463700000)]
  0x00000292ca1fc020 JavaThread "Unconstrained build operations Thread 20" [_thread_blocked, id=20568, stack(0x000000d463c00000,0x000000d463d00000)]
  0x00000292ca1fa6d0 JavaThread "Unconstrained build operations Thread 21" [_thread_blocked, id=6088, stack(0x000000d463d00000,0x000000d463e00000)]
  0x00000292ca1fabe0 JavaThread "Unconstrained build operations Thread 22" [_thread_blocked, id=15552, stack(0x000000d463e00000,0x000000d463f00000)]
  0x00000292ca1fb0f0 JavaThread "Unconstrained build operations Thread 23" [_thread_blocked, id=16804, stack(0x000000d463f00000,0x000000d464000000)]
  0x00000292cc1552a0 JavaThread "Unconstrained build operations Thread 24" [_thread_blocked, id=21396, stack(0x000000d464000000,0x000000d464100000)]
  0x00000292cc154d90 JavaThread "Unconstrained build operations Thread 25" [_thread_blocked, id=19920, stack(0x000000d464100000,0x000000d464200000)]
  0x00000292cc157610 JavaThread "Unconstrained build operations Thread 26" [_thread_blocked, id=6176, stack(0x000000d464200000,0x000000d464300000)]
  0x00000292cc1557b0 JavaThread "Unconstrained build operations Thread 27" [_thread_blocked, id=23748, stack(0x000000d464300000,0x000000d464400000)]
  0x00000292cc155cc0 JavaThread "Unconstrained build operations Thread 28" [_thread_blocked, id=14368, stack(0x000000d464400000,0x000000d464500000)]
  0x00000292cc157b20 JavaThread "Unconstrained build operations Thread 29" [_thread_blocked, id=15488, stack(0x000000d464500000,0x000000d464600000)]
  0x00000292cc154880 JavaThread "Unconstrained build operations Thread 30" [_thread_blocked, id=21668, stack(0x000000d464600000,0x000000d464700000)]
  0x00000292cc158030 JavaThread "Unconstrained build operations Thread 31" [_thread_blocked, id=3832, stack(0x000000d464700000,0x000000d464800000)]
  0x00000292cc1561d0 JavaThread "Unconstrained build operations Thread 32" [_thread_blocked, id=22160, stack(0x000000d464800000,0x000000d464900000)]
  0x00000292cc1566e0 JavaThread "Unconstrained build operations Thread 33" [_thread_blocked, id=9132, stack(0x000000d464900000,0x000000d464a00000)]
  0x00000292cc156bf0 JavaThread "Unconstrained build operations Thread 34" [_thread_blocked, id=13840, stack(0x000000d464a00000,0x000000d464b00000)]
  0x00000292cc157100 JavaThread "Unconstrained build operations Thread 35" [_thread_blocked, id=10564, stack(0x000000d464b00000,0x000000d464c00000)]
  0x00000292d97acbd0 JavaThread "Unconstrained build operations Thread 36" [_thread_blocked, id=11696, stack(0x000000d464c00000,0x000000d464d00000)]
  0x00000292c8d15450 JavaThread "Unconstrained build operations Thread 37" [_thread_blocked, id=12920, stack(0x000000d464d00000,0x000000d464e00000)]
  0x00000292c8d13b00 JavaThread "Unconstrained build operations Thread 38" [_thread_blocked, id=14724, stack(0x000000d464e00000,0x000000d464f00000)]
  0x00000292c8d14520 JavaThread "Unconstrained build operations Thread 39" [_thread_blocked, id=23496, stack(0x000000d464f00000,0x000000d465000000)]
  0x00000292c8d126c0 JavaThread "Unconstrained build operations Thread 40" [_thread_blocked, id=22408, stack(0x000000d465000000,0x000000d465100000)]
  0x00000292c8d14a30 JavaThread "Problems report writer" [_thread_blocked, id=13048, stack(0x000000d465100000,0x000000d465200000)]
  0x00000292c8d12bd0 JavaThread "build event listener" [_thread_blocked, id=3252, stack(0x000000d465200000,0x000000d465300000)]
  0x00000292d97ab280 JavaThread "included builds" [_thread_blocked, id=21432, stack(0x000000d465400000,0x000000d465500000)]
  0x00000292c8d11ca0 JavaThread "Execution worker" [_thread_blocked, id=24348, stack(0x000000d465500000,0x000000d465600000)]
  0x00000292c8d130e0 JavaThread "Execution worker Thread 2" [_thread_blocked, id=14792, stack(0x000000d465600000,0x000000d465700000)]
  0x00000292c8d135f0 JavaThread "Execution worker Thread 3" [_thread_blocked, id=17484, stack(0x000000d465700000,0x000000d465800000)]
  0x00000292c8d121b0 JavaThread "Execution worker Thread 4" [_thread_blocked, id=15152, stack(0x000000d465800000,0x000000d465900000)]
  0x00000292c97c1490 JavaThread "Execution worker Thread 5" [_thread_blocked, id=23828, stack(0x000000d465900000,0x000000d465a00000)]
  0x00000292c97c6fb0 JavaThread "Execution worker Thread 6" [_thread_blocked, id=12876, stack(0x000000d465a00000,0x000000d465b00000)]
  0x00000292c97c5150 JavaThread "Execution worker Thread 7" [_thread_blocked, id=7092, stack(0x000000d465b00000,0x000000d465c00000)]
  0x00000292c97c5660 JavaThread "Execution worker Thread 8" [_thread_blocked, id=24092, stack(0x000000d465c00000,0x000000d465d00000)]
  0x00000292c97c3800 JavaThread "Execution worker Thread 9" [_thread_blocked, id=18744, stack(0x000000d465d00000,0x000000d465e00000)]
  0x00000292c97c5b70 JavaThread "Execution worker Thread 10" [_thread_blocked, id=19008, stack(0x000000d465e00000,0x000000d465f00000)]
  0x00000292c97c6aa0 JavaThread "Execution worker Thread 11" [_thread_blocked, id=8648, stack(0x000000d465f00000,0x000000d466000000)]
  0x00000292c97c79d0 JavaThread "Execution worker Thread 12" [_thread_blocked, id=22724, stack(0x000000d466000000,0x000000d466100000)]
  0x00000292c97c83f0 JavaThread "Execution worker Thread 13" [_thread_blocked, id=6892, stack(0x000000d466100000,0x000000d466200000)]
  0x00000292c97c6080 JavaThread "Execution worker Thread 14" [_thread_blocked, id=16816, stack(0x000000d466200000,0x000000d466300000)]
  0x00000292c9c623c0 JavaThread "Execution worker Thread 15" [_thread_blocked, id=4844, stack(0x000000d466300000,0x000000d466400000)]
  0x00000292cead8240 JavaThread "Cache worker for execution history cache (D:\Android Projects\Crash Detector 2\.gradle\8.13\executionHistory)" [_thread_blocked, id=21808, stack(0x000000d466400000,0x000000d466500000)]
  0x00000292ca5f6520 JavaThread "WorkerExecutor Queue" [_thread_blocked, id=16628, stack(0x000000d466500000,0x000000d466600000)]
  0x00000292d97a9420 JavaThread "Unconstrained build operations Thread 41" [_thread_blocked, id=11220, stack(0x000000d466600000,0x000000d466700000)]
  0x00000292d97ac6c0 JavaThread "Unconstrained build operations Thread 42" [_thread_blocked, id=4892, stack(0x000000d466700000,0x000000d466800000)]
  0x00000292d97a9930 JavaThread "Unconstrained build operations Thread 43" [_thread_blocked, id=9604, stack(0x000000d466800000,0x000000d466900000)]
  0x00000292d97aa860 JavaThread "Unconstrained build operations Thread 44" [_thread_blocked, id=19576, stack(0x000000d466900000,0x000000d466a00000)]
  0x00000292d97a9e40 JavaThread "Unconstrained build operations Thread 45" [_thread_blocked, id=23572, stack(0x000000d466a00000,0x000000d466b00000)]
  0x00000292d97aa350 JavaThread "Unconstrained build operations Thread 46" [_thread_blocked, id=20984, stack(0x000000d466c00000,0x000000d466d00000)]
  0x00000292d97aad70 JavaThread "Unconstrained build operations Thread 47" [_thread_blocked, id=24076, stack(0x000000d466e00000,0x000000d466f00000)]
  0x00000292ccf98e40 JavaThread "Unconstrained build operations Thread 48" [_thread_blocked, id=22888, stack(0x000000d466f00000,0x000000d467000000)]
  0x00000292ccf97a00 JavaThread "Unconstrained build operations Thread 49" [_thread_blocked, id=7364, stack(0x000000d467500000,0x000000d467600000)]
  0x00000292ccf98420 JavaThread "Unconstrained build operations Thread 50" [_thread_blocked, id=23700, stack(0x000000d467600000,0x000000d467700000)]
  0x00000292ccf9a280 JavaThread "Unconstrained build operations Thread 51" [_thread_blocked, id=21512, stack(0x000000d467700000,0x000000d467800000)]
  0x00000292ccf9aca0 JavaThread "Unconstrained build operations Thread 52" [_thread_blocked, id=14260, stack(0x000000d467800000,0x000000d467900000)]
  0x00000292c8c1ffd0 JavaThread "Unconstrained build operations Thread 53" [_thread_blocked, id=22776, stack(0x000000d467900000,0x000000d467a00000)]
  0x00000292c8c204e0 JavaThread "Unconstrained build operations Thread 54" [_thread_blocked, id=19792, stack(0x000000d467a00000,0x000000d467b00000)]
  0x00000292c8c209f0 JavaThread "Unconstrained build operations Thread 55" [_thread_blocked, id=22012, stack(0x000000d467b00000,0x000000d467c00000)]
  0x00000292d8dfa2f0 JavaThread "WorkerExecutor Queue Thread 2" [_thread_blocked, id=17844, stack(0x000000d465300000,0x000000d465400000)]
  0x00000292ca5f8890 JavaThread "WorkerExecutor Queue Thread 3" [_thread_blocked, id=11896, stack(0x000000d467c00000,0x000000d467d00000)]
  0x00000292ca5f8380 JavaThread "WorkerExecutor Queue Thread 4" [_thread_blocked, id=2652, stack(0x000000d467d00000,0x000000d467e00000)]
  0x00000292ca5f7e70 JavaThread "WorkerExecutor Queue Thread 5" [_thread_blocked, id=22208, stack(0x000000d467e00000,0x000000d467f00000)]
  0x00000292ca5f8da0 JavaThread "WorkerExecutor Queue Thread 6" [_thread_blocked, id=18240, stack(0x000000d467f00000,0x000000d468000000)]
  0x00000292ca5f6f40 JavaThread "WorkerExecutor Queue Thread 7" [_thread_blocked, id=18472, stack(0x000000d468000000,0x000000d468100000)]
  0x00000292ca5f7450 JavaThread "WorkerExecutor Queue Thread 8" [_thread_blocked, id=14420, stack(0x000000d468100000,0x000000d468200000)]
  0x00000292ca5f92b0 JavaThread "WorkerExecutor Queue Thread 9" [_thread_blocked, id=12772, stack(0x000000d468300000,0x000000d468400000)]
  0x00000292ca5f6a30 JavaThread "WorkerExecutor Queue Thread 11" [_thread_blocked, id=1724, stack(0x000000d468500000,0x000000d468600000)]
  0x00000292d80e12b0 JavaThread "WorkerExecutor Queue Thread 12" [_thread_blocked, id=832, stack(0x000000d468600000,0x000000d468700000)]
  0x00000292d80e2c00 JavaThread "WorkerExecutor Queue Thread 13" [_thread_blocked, id=23388, stack(0x000000d468700000,0x000000d468800000)]
  0x00000292d80e0380 JavaThread "WorkerExecutor Queue Thread 14" [_thread_blocked, id=5620, stack(0x000000d468800000,0x000000d468900000)]
  0x00000292d80e3620 JavaThread "WorkerExecutor Queue Thread 15" [_thread_blocked, id=23488, stack(0x000000d468900000,0x000000d468a00000)]
  0x00000292ca161460 JavaThread "WorkerExecutor Queue Thread 16" [_thread_blocked, id=14836, stack(0x000000d468a00000,0x000000d468b00000)]
  0x00000292ca1628a0 JavaThread "Unconstrained build operations Thread 56" [_thread_blocked, id=10588, stack(0x000000d468b00000,0x000000d468c00000)]
  0x00000292d06218e0 JavaThread "pool-461-thread-1" [_thread_blocked, id=11184, stack(0x000000d468c00000,0x000000d468d00000)]
  0x00000292c9c64220 JavaThread "stderr" [_thread_in_native, id=7396, stack(0x000000d468d00000,0x000000d468e00000)]
  0x00000292c9c60a70 JavaThread "stdout" [_thread_in_native, id=24228, stack(0x000000d468e00000,0x000000d468f00000)]
  0x00000292d06204a0 JavaThread "stderr" [_thread_in_native, id=11636, stack(0x000000d468f00000,0x000000d469000000)]
  0x00000292d06209b0 JavaThread "stdout" [_thread_in_native, id=15268, stack(0x000000d469000000,0x000000d469100000)]
  0x00000292cee84fc0 JavaThread "stderr" [_thread_in_native, id=6296, stack(0x000000d469100000,0x000000d469200000)]
  0x00000292cee84090 JavaThread "stdout" [_thread_in_native, id=13276, stack(0x000000d469200000,0x000000d469300000)]
  0x00000292cf562830 JavaThread "WorkerExecutor Queue Thread 17" [_thread_blocked, id=10696, stack(0x000000d468200000,0x000000d468300000)]
  0x00000292cf563250 JavaThread "Unconstrained build operations Thread 57" [_thread_blocked, id=9792, stack(0x000000d469300000,0x000000d469400000)]
  0x00000292cf562320 JavaThread "Unconstrained build operations Thread 58" [_thread_blocked, id=11932, stack(0x000000d469400000,0x000000d469500000)]
  0x00000292cf563760 JavaThread "Unconstrained build operations Thread 59" [_thread_blocked, id=22944, stack(0x000000d469500000,0x000000d469600000)]
  0x00000292cf563c70 JavaThread "Unconstrained build operations Thread 60" [_thread_blocked, id=19224, stack(0x000000d469600000,0x000000d469700000)]
  0x00000292cf564180 JavaThread "Unconstrained build operations Thread 61" [_thread_blocked, id=21268, stack(0x000000d469700000,0x000000d469800000)]
  0x00000292cf562d40 JavaThread "Unconstrained build operations Thread 62" [_thread_blocked, id=13024, stack(0x000000d469800000,0x000000d469900000)]
  0x00000292cf564ba0 JavaThread "Unconstrained build operations Thread 63" [_thread_blocked, id=18836, stack(0x000000d469900000,0x000000d469a00000)]
  0x00000292cf5613f0 JavaThread "Unconstrained build operations Thread 64" [_thread_blocked, id=14408, stack(0x000000d469a00000,0x000000d469b00000)]
  0x00000292da473bd0 JavaThread "Unconstrained build operations Thread 65" [_thread_blocked, id=20852, stack(0x000000d469b00000,0x000000d469c00000)]
  0x00000292da476960 JavaThread "Unconstrained build operations Thread 66" [_thread_blocked, id=13780, stack(0x000000d469c00000,0x000000d469d00000)]
  0x00000292da475a30 JavaThread "Unconstrained build operations Thread 67" [_thread_blocked, id=17468, stack(0x000000d469d00000,0x000000d469e00000)]
  0x00000292da4745f0 JavaThread "Unconstrained build operations Thread 68" [_thread_blocked, id=24384, stack(0x000000d469e00000,0x000000d469f00000)]
  0x00000292da475520 JavaThread "Unconstrained build operations Thread 69" [_thread_blocked, id=24160, stack(0x000000d469f00000,0x000000d46a000000)]
  0x00000292da4740e0 JavaThread "Unconstrained build operations Thread 70" [_thread_blocked, id=24268, stack(0x000000d46a000000,0x000000d46a100000)]
  0x00000292da475f40 JavaThread "Unconstrained build operations Thread 71" [_thread_blocked, id=23780, stack(0x000000d46a100000,0x000000d46a200000)]
  0x00000292cfb4c490 JavaThread "Unconstrained build operations Thread 72" [_thread_blocked, id=14892, stack(0x000000d46a200000,0x000000d46a300000)]
  0x00000292cfb4ceb0 JavaThread "Unconstrained build operations Thread 73" [_thread_blocked, id=23716, stack(0x000000d46a300000,0x000000d46a400000)]
  0x00000292cfb4c9a0 JavaThread "Unconstrained build operations Thread 74" [_thread_blocked, id=22028, stack(0x000000d46a400000,0x000000d46a500000)]
  0x00000292cfb4ba70 JavaThread "Unconstrained build operations Thread 75" [_thread_blocked, id=19552, stack(0x000000d46a500000,0x000000d46a600000)]
  0x00000292cfb4bf80 JavaThread "Unconstrained build operations Thread 76" [_thread_blocked, id=9464, stack(0x000000d46a600000,0x000000d46a700000)]
  0x00000292cfb49c10 JavaThread "Unconstrained build operations Thread 77" [_thread_blocked, id=12992, stack(0x000000d46a700000,0x000000d46a800000)]
  0x00000292cfb4b050 JavaThread "Unconstrained build operations Thread 78" [_thread_blocked, id=9052, stack(0x000000d46a800000,0x000000d46a900000)]
  0x00000292cfb4a120 JavaThread "Unconstrained build operations Thread 79" [_thread_blocked, id=23352, stack(0x000000d46a900000,0x000000d46aa00000)]
  0x00000292cfb4a630 JavaThread "Unconstrained build operations Thread 80" [_thread_blocked, id=6664, stack(0x000000d46aa00000,0x000000d46ab00000)]
  0x00000292cfb4ab40 JavaThread "Unconstrained build operations Thread 81" [_thread_blocked, id=18532, stack(0x000000d46ab00000,0x000000d46ac00000)]
  0x00000292cfb4b560 JavaThread "Unconstrained build operations Thread 82" [_thread_blocked, id=5552, stack(0x000000d46ac00000,0x000000d46ad00000)]
  0x00000292cda92450 JavaThread "Unconstrained build operations Thread 83" [_thread_blocked, id=6360, stack(0x000000d46b100000,0x000000d46b200000)]
  0x00000292cda905f0 JavaThread "Unconstrained build operations Thread 84" [_thread_blocked, id=7212, stack(0x000000d46b300000,0x000000d46b400000)]
  0x00000292cda91010 JavaThread "Unconstrained build operations Thread 85" [_thread_blocked, id=11964, stack(0x000000d46b500000,0x000000d46b600000)]
  0x00000292ca162db0 JavaThread "Unconstrained build operations Thread 86" [_thread_blocked, id=23244, stack(0x000000d46b700000,0x000000d46b800000)]
  0x00000292cead63e0 JavaThread "Unconstrained build operations Thread 87" [_thread_blocked, id=17696, stack(0x000000d46b800000,0x000000d46b900000)]
  0x00000292cead6e00 JavaThread "Unconstrained build operations Thread 88" [_thread_blocked, id=4724, stack(0x000000d46b900000,0x000000d46ba00000)]
  0x00000292cead7310 JavaThread "Unconstrained build operations Thread 89" [_thread_blocked, id=19168, stack(0x000000d46ba00000,0x000000d46bb00000)]
  0x00000292cead8750 JavaThread "Unconstrained build operations Thread 90" [_thread_blocked, id=4236, stack(0x000000d46bb00000,0x000000d46bc00000)]
  0x00000292cead4fa0 JavaThread "Unconstrained build operations Thread 91" [_thread_blocked, id=20508, stack(0x000000d46bc00000,0x000000d46bd00000)]
  0x00000292cead59c0 JavaThread "Unconstrained build operations Thread 92" [_thread_blocked, id=22232, stack(0x000000d46bd00000,0x000000d46be00000)]
  0x00000292cead54b0 JavaThread "Unconstrained build operations Thread 93" [_thread_blocked, id=21388, stack(0x000000d46be00000,0x000000d46bf00000)]
  0x00000292cead5ed0 JavaThread "Unconstrained build operations Thread 94" [_thread_blocked, id=11684, stack(0x000000d46bf00000,0x000000d46c000000)]
  0x00000292cead68f0 JavaThread "Unconstrained build operations Thread 95" [_thread_blocked, id=16148, stack(0x000000d46c000000,0x000000d46c100000)]
  0x00000292cead7820 JavaThread "Unconstrained build operations Thread 96" [_thread_blocked, id=18616, stack(0x000000d46c100000,0x000000d46c200000)]
  0x00000292d0a3bcd0 JavaThread "Unconstrained build operations Thread 97" [_thread_blocked, id=19476, stack(0x000000d46c200000,0x000000d46c300000)]
  0x00000292d0a3c6f0 JavaThread "Unconstrained build operations Thread 98" [_thread_blocked, id=8520, stack(0x000000d46c300000,0x000000d46c400000)]
  0x00000292d0a3a380 JavaThread "Unconstrained build operations Thread 99" [_thread_blocked, id=20536, stack(0x000000d46c400000,0x000000d46c500000)]
  0x00000292d8dfad10 JavaThread "Unconstrained build operations Thread 100" [_thread_blocked, id=23676, stack(0x000000d46c500000,0x000000d46c600000)]
  0x00000292d8df9de0 JavaThread "Unconstrained build operations Thread 101" [_thread_blocked, id=19324, stack(0x000000d46c600000,0x000000d46c700000)]
  0x00000292d05ec080 JavaThread "C2 CompilerThread1" daemon [_thread_blocked, id=5896, stack(0x000000d46c700000,0x000000d46c800000)]
  0x00000292d05ecb20 JavaThread "C2 CompilerThread2" daemon [_thread_blocked, id=8344, stack(0x000000d46c800000,0x000000d46c900000)]
  0x00000292d05ee060 JavaThread "C1 CompilerThread1" daemon [_thread_blocked, id=24216, stack(0x000000d46c900000,0x000000d46ca00000)]
  0x00000292d05eb090 JavaThread "C1 CompilerThread2" daemon [_thread_blocked, id=5080, stack(0x000000d46ca00000,0x000000d46cb00000)]
  0x00000292d05eb5e0 JavaThread "C1 CompilerThread3" daemon [_thread_blocked, id=3004, stack(0x000000d46cb00000,0x000000d46cc00000)]

Other Threads:
=>0x000002928292df90 VMThread "VM Thread" [stack: 0x000000d45ef00000,0x000000d45f000000] [id=18016]
  0x0000029282df1670 WatcherThread [stack: 0x000000d45ff00000,0x000000d460000000] [id=11216]
  0x00000292e3dc3aa0 GCTaskThread "GC Thread#0" [stack: 0x000000d45ea00000,0x000000d45eb00000] [id=15548]
  0x00000292c86a6bb0 GCTaskThread "GC Thread#1" [stack: 0x000000d460000000,0x000000d460100000] [id=5596]
  0x00000292c80f3700 GCTaskThread "GC Thread#2" [stack: 0x000000d460100000,0x000000d460200000] [id=3020]
  0x00000292c8b4bd30 GCTaskThread "GC Thread#3" [stack: 0x000000d460200000,0x000000d460300000] [id=21528]
  0x00000292c8d21820 GCTaskThread "GC Thread#4" [stack: 0x000000d460300000,0x000000d460400000] [id=21532]
  0x00000292c9e2e980 GCTaskThread "GC Thread#5" [stack: 0x000000d461100000,0x000000d461200000] [id=21916]
  0x00000292c91f7bb0 GCTaskThread "GC Thread#6" [stack: 0x000000d461200000,0x000000d461300000] [id=21920]
  0x00000292c9b7a3c0 GCTaskThread "GC Thread#7" [stack: 0x000000d461300000,0x000000d461400000] [id=21924]
  0x00000292c9f003f0 GCTaskThread "GC Thread#8" [stack: 0x000000d461400000,0x000000d461500000] [id=21928]
  0x00000292c9f006b0 GCTaskThread "GC Thread#9" [stack: 0x000000d461500000,0x000000d461600000] [id=21932]
  0x00000292c9f0b410 GCTaskThread "GC Thread#10" [stack: 0x000000d461600000,0x000000d461700000] [id=21936]
  0x00000292ca899500 GCTaskThread "GC Thread#11" [stack: 0x000000d461700000,0x000000d461800000] [id=21940]
  0x00000292ca899a80 GCTaskThread "GC Thread#12" [stack: 0x000000d461800000,0x000000d461900000] [id=21944]
  0x00000292e3dd4910 ConcurrentGCThread "G1 Main Marker" [stack: 0x000000d45eb00000,0x000000d45ec00000] [id=8544]
  0x00000292e3dd5f00 ConcurrentGCThread "G1 Conc#0" [stack: 0x000000d45ec00000,0x000000d45ed00000] [id=3488]
  0x00000292ca898480 ConcurrentGCThread "G1 Conc#1" [stack: 0x000000d461c00000,0x000000d461d00000] [id=21980]
  0x00000292ca898cc0 ConcurrentGCThread "G1 Conc#2" [stack: 0x000000d461d00000,0x000000d461e00000] [id=21984]
  0x00000292e3e2cbc0 ConcurrentGCThread "G1 Refine#0" [stack: 0x000000d45ed00000,0x000000d45ee00000] [id=20004]
  0x00000292cf3193e0 ConcurrentGCThread "G1 Refine#1" [stack: 0x000000d467200000,0x000000d467300000] [id=6344]
  0x00000292c80a9fd0 ConcurrentGCThread "G1 Refine#2" [stack: 0x000000d467300000,0x000000d467400000] [id=18864]
  0x00000292cb48c4a0 ConcurrentGCThread "G1 Refine#3" [stack: 0x000000d467400000,0x000000d467500000] [id=3568]
  0x00000292c9aaa2d0 ConcurrentGCThread "G1 Refine#4" [stack: 0x000000d470c00000,0x000000d470d00000] [id=4200]
  0x00000292ca0548c0 ConcurrentGCThread "G1 Refine#5" [stack: 0x000000d470d00000,0x000000d470e00000] [id=18256]
  0x00000292d004a7d0 ConcurrentGCThread "G1 Refine#6" [stack: 0x000000d470e00000,0x000000d470f00000] [id=3456]
  0x00000292c82559f0 ConcurrentGCThread "G1 Refine#7" [stack: 0x000000d470b00000,0x000000d470c00000] [id=11484]
  0x00000292d89b73e0 ConcurrentGCThread "G1 Refine#8" [stack: 0x000000d471300000,0x000000d471400000] [id=22048]
  0x00000292d84e72c0 ConcurrentGCThread "G1 Refine#9" [stack: 0x000000d471400000,0x000000d471500000] [id=10632]
  0x00000292cb807dc0 ConcurrentGCThread "G1 Refine#10" [stack: 0x000000d471500000,0x000000d471600000] [id=11276]
  0x00000292e3e2e2b0 ConcurrentGCThread "G1 Service" [stack: 0x000000d45ee00000,0x000000d45ef00000] [id=1800]

Threads with active compile tasks:
C2 CompilerThread0  19258742 62326       4       com.android.tools.r8.ir.optimize.F::j (696 bytes)
C2 CompilerThread1  19258742 62448 %     4       com.android.tools.r8.ir.regalloc.b::c @ 2110 (4041 bytes)
C2 CompilerThread2  19258742 61656 %     4       com.android.tools.r8.internal.NL::a @ 331 (447 bytes)

VM state: at safepoint (normal execution)

VM Mutex/Monitor currently owned by a thread:  ([mutex/lock_event])
[0x00000292e3d54dc0] Threads_lock - owner thread: 0x000002928292df90
[0x00000292e3d616b0] Heap_lock - owner thread: 0x00000292c97c6080

Heap address: 0x0000000080000000, size: 2048 MB, Compressed Oops mode: 32-bit

CDS archive(s) mapped at: [0x0000029283000000-0x0000029283bd0000-0x0000029283bd0000), size 12386304, SharedBaseAddress: 0x0000029283000000, ArchiveRelocationMode: 1.
Compressed class space mapped at: 0x0000029284000000-0x00000292c4000000, reserved size: 1073741824
Narrow klass base: 0x0000029283000000, Narrow klass shift: 0, Narrow klass range: 0x100000000

GC Precious Log:
 CPUs: 16 total, 16 available
 Memory: 7598M
 Large Page Support: Disabled
 NUMA Support: Disabled
 Compressed Oops: Enabled (32-bit)
 Heap Region Size: 1M
 Heap Min Capacity: 8M
 Heap Initial Capacity: 120M
 Heap Max Capacity: 2G
 Pre-touch: Disabled
 Parallel Workers: 13
 Concurrent Workers: 3
 Concurrent Refinement Workers: 13
 Periodic GC: Disabled

Heap:
 garbage-first heap   total 963584K, used 280051K [0x0000000080000000, 0x0000000100000000)
  region size 1024K, 3 young (3072K), 3 survivors (3072K)
 Metaspace       used 182365K, committed 185984K, reserved 1245184K
  class space    used 23071K, committed 24832K, reserved 1048576K

Heap Regions: E=young(eden), S=young(survivor), O=old, HS=humongous(starts), HC=humongous(continues), CS=collection set, F=free, OA=open archive, CA=closed archive, TAMS=top-at-mark-start (previous, next)
|   0|0x0000000080000000, 0x0000000080100000, 0x0000000080100000|100%|HS|  |TAMS 0x0000000080100000, 0x0000000080000000| Complete 
|   1|0x0000000080100000, 0x0000000080200000, 0x0000000080200000|100%|HC|  |TAMS 0x0000000080200000, 0x0000000080100000| Complete 
|   2|0x0000000080200000, 0x0000000080300000, 0x0000000080300000|100%|HC|  |TAMS 0x0000000080300000, 0x0000000080200000| Complete 
|   3|0x0000000080300000, 0x0000000080400000, 0x0000000080400000|100%| O|  |TAMS 0x0000000080400000, 0x0000000080300000| Untracked 
|   4|0x0000000080400000, 0x0000000080500000, 0x0000000080500000|100%| O|  |TAMS 0x0000000080500000, 0x0000000080400000| Untracked 
|   5|0x0000000080500000, 0x0000000080600000, 0x0000000080600000|100%| O|  |TAMS 0x0000000080600000, 0x0000000080500000| Untracked 
|   6|0x0000000080600000, 0x0000000080700000, 0x0000000080700000|100%|HS|  |TAMS 0x0000000080700000, 0x0000000080600000| Complete 
|   7|0x0000000080700000, 0x0000000080800000, 0x0000000080800000|100%| O|  |TAMS 0x0000000080800000, 0x0000000080700000| Untracked 
|   8|0x0000000080800000, 0x0000000080900000, 0x0000000080900000|100%| O|  |TAMS 0x0000000080900000, 0x0000000080800000| Untracked 
|   9|0x0000000080900000, 0x0000000080a00000, 0x0000000080a00000|100%| O|  |TAMS 0x0000000080a00000, 0x0000000080900000| Untracked 
|  10|0x0000000080a00000, 0x0000000080b00000, 0x0000000080b00000|100%| O|  |TAMS 0x0000000080b00000, 0x0000000080a00000| Untracked 
|  11|0x0000000080b00000, 0x0000000080c00000, 0x0000000080c00000|100%| O|  |TAMS 0x0000000080c00000, 0x0000000080b00000| Untracked 
|  12|0x0000000080c00000, 0x0000000080d00000, 0x0000000080d00000|100%| O|  |TAMS 0x0000000080d00000, 0x0000000080c00000| Untracked 
|  13|0x0000000080d00000, 0x0000000080e00000, 0x0000000080e00000|100%| O|  |TAMS 0x0000000080e00000, 0x0000000080d00000| Untracked 
|  14|0x0000000080e00000, 0x0000000080f00000, 0x0000000080f00000|100%| O|  |TAMS 0x0000000080f00000, 0x0000000080e00000| Untracked 
|  15|0x0000000080f00000, 0x0000000081000000, 0x0000000081000000|100%| O|  |TAMS 0x0000000081000000, 0x0000000080f00000| Untracked 
|  16|0x0000000081000000, 0x0000000081100000, 0x0000000081100000|100%| O|  |TAMS 0x0000000081100000, 0x0000000081000000| Untracked 
|  17|0x0000000081100000, 0x0000000081200000, 0x0000000081200000|100%| O|  |TAMS 0x0000000081200000, 0x0000000081100000| Untracked 
|  18|0x0000000081200000, 0x0000000081300000, 0x0000000081300000|100%| O|  |TAMS 0x0000000081300000, 0x0000000081200000| Untracked 
|  19|0x0000000081300000, 0x0000000081400000, 0x0000000081400000|100%| O|  |TAMS 0x0000000081400000, 0x0000000081300000| Untracked 
|  20|0x0000000081400000, 0x0000000081500000, 0x0000000081500000|100%| O|  |TAMS 0x0000000081500000, 0x0000000081400000| Untracked 
|  21|0x0000000081500000, 0x0000000081600000, 0x0000000081600000|100%| O|  |TAMS 0x0000000081600000, 0x0000000081500000| Untracked 
|  22|0x0000000081600000, 0x0000000081700000, 0x0000000081700000|100%| O|  |TAMS 0x0000000081700000, 0x0000000081600000| Untracked 
|  23|0x0000000081700000, 0x0000000081800000, 0x0000000081800000|100%| O|  |TAMS 0x0000000081800000, 0x0000000081700000| Untracked 
|  24|0x0000000081800000, 0x0000000081900000, 0x0000000081900000|100%| O|  |TAMS 0x0000000081900000, 0x0000000081800000| Untracked 
|  25|0x0000000081900000, 0x0000000081a00000, 0x0000000081a00000|100%| O|  |TAMS 0x0000000081a00000, 0x0000000081900000| Untracked 
|  26|0x0000000081a00000, 0x0000000081b00000, 0x0000000081b00000|100%| O|  |TAMS 0x0000000081b00000, 0x0000000081a00000| Untracked 
|  27|0x0000000081b00000, 0x0000000081c00000, 0x0000000081c00000|100%| O|  |TAMS 0x0000000081c00000, 0x0000000081b00000| Untracked 
|  28|0x0000000081c00000, 0x0000000081d00000, 0x0000000081d00000|100%| O|  |TAMS 0x0000000081d00000, 0x0000000081c00000| Untracked 
|  29|0x0000000081d00000, 0x0000000081e00000, 0x0000000081e00000|100%| O|  |TAMS 0x0000000081e00000, 0x0000000081d00000| Untracked 
|  30|0x0000000081e00000, 0x0000000081f00000, 0x0000000081f00000|100%| O|  |TAMS 0x0000000081f00000, 0x0000000081e00000| Untracked 
|  31|0x0000000081f00000, 0x0000000082000000, 0x0000000082000000|100%| O|  |TAMS 0x0000000082000000, 0x0000000081f00000| Untracked 
|  32|0x0000000082000000, 0x0000000082100000, 0x0000000082100000|100%| O|  |TAMS 0x0000000082100000, 0x0000000082000000| Untracked 
|  33|0x0000000082100000, 0x0000000082200000, 0x0000000082200000|100%| O|  |TAMS 0x0000000082200000, 0x0000000082100000| Untracked 
|  34|0x0000000082200000, 0x0000000082300000, 0x0000000082300000|100%| O|  |TAMS 0x0000000082300000, 0x0000000082200000| Untracked 
|  35|0x0000000082300000, 0x0000000082400000, 0x0000000082400000|100%|HS|  |TAMS 0x0000000082400000, 0x0000000082300000| Complete 
|  36|0x0000000082400000, 0x0000000082500000, 0x0000000082500000|100%|HC|  |TAMS 0x0000000082500000, 0x0000000082400000| Complete 
|  37|0x0000000082500000, 0x0000000082500000, 0x0000000082600000|  0%| F|  |TAMS 0x0000000082500000, 0x0000000082500000| Untracked 
|  38|0x0000000082600000, 0x0000000082700000, 0x0000000082700000|100%| O|  |TAMS 0x0000000082700000, 0x0000000082600000| Untracked 
|  39|0x0000000082700000, 0x0000000082800000, 0x0000000082800000|100%| O|  |TAMS 0x0000000082800000, 0x0000000082700000| Untracked 
|  40|0x0000000082800000, 0x0000000082900000, 0x0000000082900000|100%| O|  |TAMS 0x0000000082900000, 0x0000000082800000| Untracked 
|  41|0x0000000082900000, 0x0000000082a00000, 0x0000000082a00000|100%| O|  |TAMS 0x0000000082a00000, 0x0000000082900000| Untracked 
|  42|0x0000000082a00000, 0x0000000082b00000, 0x0000000082b00000|100%| O|  |TAMS 0x0000000082b00000, 0x0000000082a00000| Untracked 
|  43|0x0000000082b00000, 0x0000000082c00000, 0x0000000082c00000|100%|HS|  |TAMS 0x0000000082c00000, 0x0000000082b00000| Complete 
|  44|0x0000000082c00000, 0x0000000082d00000, 0x0000000082d00000|100%| O|  |TAMS 0x0000000082d00000, 0x0000000082c00000| Untracked 
|  45|0x0000000082d00000, 0x0000000082e00000, 0x0000000082e00000|100%|HS|  |TAMS 0x0000000082e00000, 0x0000000082d00000| Complete 
|  46|0x0000000082e00000, 0x0000000082f00000, 0x0000000082f00000|100%|HS|  |TAMS 0x0000000082f00000, 0x0000000082e00000| Complete 
|  47|0x0000000082f00000, 0x0000000083000000, 0x0000000083000000|100%|HS|  |TAMS 0x0000000083000000, 0x0000000082f00000| Complete 
|  48|0x0000000083000000, 0x0000000083100000, 0x0000000083100000|100%| O|  |TAMS 0x0000000083100000, 0x0000000083000000| Untracked 
|  49|0x0000000083100000, 0x0000000083200000, 0x0000000083200000|100%|HS|  |TAMS 0x0000000083200000, 0x0000000083100000| Complete 
|  50|0x0000000083200000, 0x0000000083300000, 0x0000000083300000|100%| O|  |TAMS 0x0000000083300000, 0x0000000083200000| Untracked 
|  51|0x0000000083300000, 0x0000000083400000, 0x0000000083400000|100%| O|  |TAMS 0x0000000083400000, 0x0000000083300000| Untracked 
|  52|0x0000000083400000, 0x0000000083500000, 0x0000000083500000|100%| O|  |TAMS 0x0000000083500000, 0x0000000083400000| Untracked 
|  53|0x0000000083500000, 0x0000000083600000, 0x0000000083600000|100%| O|  |TAMS 0x0000000083600000, 0x0000000083500000| Untracked 
|  54|0x0000000083600000, 0x0000000083700000, 0x0000000083700000|100%| O|  |TAMS 0x0000000083700000, 0x0000000083600000| Untracked 
|  55|0x0000000083700000, 0x0000000083800000, 0x0000000083800000|100%| O|  |TAMS 0x0000000083800000, 0x0000000083700000| Untracked 
|  56|0x0000000083800000, 0x0000000083900000, 0x0000000083900000|100%| O|  |TAMS 0x0000000083900000, 0x0000000083800000| Untracked 
|  57|0x0000000083900000, 0x0000000083a00000, 0x0000000083a00000|100%| O|  |TAMS 0x0000000083a00000, 0x0000000083900000| Untracked 
|  58|0x0000000083a00000, 0x0000000083b00000, 0x0000000083b00000|100%| O|  |TAMS 0x0000000083b00000, 0x0000000083a00000| Untracked 
|  59|0x0000000083b00000, 0x0000000083c00000, 0x0000000083c00000|100%| O|  |TAMS 0x0000000083c00000, 0x0000000083b00000| Untracked 
|  60|0x0000000083c00000, 0x0000000083d00000, 0x0000000083d00000|100%| O|  |TAMS 0x0000000083d00000, 0x0000000083c00000| Untracked 
|  61|0x0000000083d00000, 0x0000000083e00000, 0x0000000083e00000|100%| O|  |TAMS 0x0000000083e00000, 0x0000000083d00000| Untracked 
|  62|0x0000000083e00000, 0x0000000083f00000, 0x0000000083f00000|100%| O|  |TAMS 0x0000000083f00000, 0x0000000083e00000| Untracked 
|  63|0x0000000083f00000, 0x0000000083f00000, 0x0000000084000000|  0%| F|  |TAMS 0x0000000083f00000, 0x0000000083f00000| Untracked 
|  64|0x0000000084000000, 0x0000000084100000, 0x0000000084100000|100%| O|  |TAMS 0x0000000084100000, 0x0000000084000000| Untracked 
|  65|0x0000000084100000, 0x0000000084200000, 0x0000000084200000|100%| O|  |TAMS 0x0000000084200000, 0x0000000084100000| Untracked 
|  66|0x0000000084200000, 0x0000000084200000, 0x0000000084300000|  0%| F|  |TAMS 0x0000000084200000, 0x0000000084200000| Untracked 
|  67|0x0000000084300000, 0x0000000084400000, 0x0000000084400000|100%| O|  |TAMS 0x0000000084400000, 0x0000000084300000| Untracked 
|  68|0x0000000084400000, 0x0000000084500000, 0x0000000084500000|100%| O|  |TAMS 0x0000000084500000, 0x0000000084400000| Untracked 
|  69|0x0000000084500000, 0x0000000084600000, 0x0000000084600000|100%| O|  |TAMS 0x0000000084600000, 0x0000000084500000| Untracked 
|  70|0x0000000084600000, 0x0000000084700000, 0x0000000084700000|100%| O|  |TAMS 0x0000000084700000, 0x0000000084600000| Untracked 
|  71|0x0000000084700000, 0x0000000084800000, 0x0000000084800000|100%| O|  |TAMS 0x0000000084800000, 0x0000000084700000| Untracked 
|  72|0x0000000084800000, 0x0000000084900000, 0x0000000084900000|100%| O|  |TAMS 0x0000000084900000, 0x0000000084800000| Untracked 
|  73|0x0000000084900000, 0x0000000084a00000, 0x0000000084a00000|100%| O|  |TAMS 0x0000000084a00000, 0x0000000084900000| Untracked 
|  74|0x0000000084a00000, 0x0000000084b00000, 0x0000000084b00000|100%| O|  |TAMS 0x0000000084b00000, 0x0000000084a00000| Untracked 
|  75|0x0000000084b00000, 0x0000000084c00000, 0x0000000084c00000|100%| O|  |TAMS 0x0000000084c00000, 0x0000000084b00000| Untracked 
|  76|0x0000000084c00000, 0x0000000084d00000, 0x0000000084d00000|100%| O|  |TAMS 0x0000000084d00000, 0x0000000084c00000| Untracked 
|  77|0x0000000084d00000, 0x0000000084e00000, 0x0000000084e00000|100%| O|  |TAMS 0x0000000084e00000, 0x0000000084d00000| Untracked 
|  78|0x0000000084e00000, 0x0000000084f00000, 0x0000000084f00000|100%| O|  |TAMS 0x0000000084f00000, 0x0000000084e00000| Untracked 
|  79|0x0000000084f00000, 0x0000000085000000, 0x0000000085000000|100%| O|  |TAMS 0x0000000085000000, 0x0000000084f00000| Untracked 
|  80|0x0000000085000000, 0x0000000085100000, 0x0000000085100000|100%| O|  |TAMS 0x0000000085100000, 0x0000000085000000| Untracked 
|  81|0x0000000085100000, 0x0000000085200000, 0x0000000085200000|100%| O|  |TAMS 0x0000000085200000, 0x0000000085100000| Untracked 
|  82|0x0000000085200000, 0x0000000085300000, 0x0000000085300000|100%| O|  |TAMS 0x0000000085300000, 0x0000000085200000| Untracked 
|  83|0x0000000085300000, 0x0000000085400000, 0x0000000085400000|100%| O|  |TAMS 0x0000000085400000, 0x0000000085300000| Untracked 
|  84|0x0000000085400000, 0x0000000085500000, 0x0000000085500000|100%| O|  |TAMS 0x0000000085500000, 0x0000000085400000| Untracked 
|  85|0x0000000085500000, 0x0000000085600000, 0x0000000085600000|100%| O|  |TAMS 0x0000000085500000, 0x0000000085500000| Untracked 
|  86|0x0000000085600000, 0x0000000085700000, 0x0000000085700000|100%| O|  |TAMS 0x0000000085700000, 0x0000000085600000| Untracked 
|  87|0x0000000085700000, 0x0000000085800000, 0x0000000085800000|100%| O|  |TAMS 0x0000000085800000, 0x0000000085700000| Untracked 
|  88|0x0000000085800000, 0x0000000085900000, 0x0000000085900000|100%| O|  |TAMS 0x0000000085900000, 0x0000000085800000| Untracked 
|  89|0x0000000085900000, 0x0000000085a00000, 0x0000000085a00000|100%| O|  |TAMS 0x0000000085a00000, 0x0000000085900000| Untracked 
|  90|0x0000000085a00000, 0x0000000085b00000, 0x0000000085b00000|100%| O|  |TAMS 0x0000000085b00000, 0x0000000085a00000| Untracked 
|  91|0x0000000085b00000, 0x0000000085c00000, 0x0000000085c00000|100%|HS|  |TAMS 0x0000000085c00000, 0x0000000085b00000| Complete 
|  92|0x0000000085c00000, 0x0000000085d00000, 0x0000000085d00000|100%| O|  |TAMS 0x0000000085d00000, 0x0000000085c00000| Untracked 
|  93|0x0000000085d00000, 0x0000000085e00000, 0x0000000085e00000|100%| O|  |TAMS 0x0000000085d00000, 0x0000000085d00000| Untracked 
|  94|0x0000000085e00000, 0x0000000085f00000, 0x0000000085f00000|100%| O|  |TAMS 0x0000000085f00000, 0x0000000085e00000| Untracked 
|  95|0x0000000085f00000, 0x0000000086000000, 0x0000000086000000|100%| O|  |TAMS 0x0000000086000000, 0x0000000085f00000| Untracked 
|  96|0x0000000086000000, 0x0000000086100000, 0x0000000086100000|100%| O|  |TAMS 0x0000000086100000, 0x0000000086000000| Untracked 
|  97|0x0000000086100000, 0x0000000086200000, 0x0000000086200000|100%| O|  |TAMS 0x0000000086200000, 0x0000000086100000| Untracked 
|  98|0x0000000086200000, 0x0000000086300000, 0x0000000086300000|100%| O|  |TAMS 0x0000000086300000, 0x0000000086200000| Untracked 
|  99|0x0000000086300000, 0x0000000086400000, 0x0000000086400000|100%| O|  |TAMS 0x0000000086400000, 0x0000000086300000| Untracked 
| 100|0x0000000086400000, 0x0000000086500000, 0x0000000086500000|100%| O|  |TAMS 0x0000000086500000, 0x0000000086400000| Untracked 
| 101|0x0000000086500000, 0x0000000086600000, 0x0000000086600000|100%| O|  |TAMS 0x0000000086600000, 0x0000000086500000| Untracked 
| 102|0x0000000086600000, 0x0000000086700000, 0x0000000086700000|100%| O|  |TAMS 0x0000000086700000, 0x0000000086600000| Untracked 
| 103|0x0000000086700000, 0x0000000086800000, 0x0000000086800000|100%|HS|  |TAMS 0x0000000086800000, 0x0000000086700000| Complete 
| 104|0x0000000086800000, 0x0000000086900000, 0x0000000086900000|100%|HC|  |TAMS 0x0000000086900000, 0x0000000086800000| Complete 
| 105|0x0000000086900000, 0x0000000086a00000, 0x0000000086a00000|100%| O|  |TAMS 0x0000000086a00000, 0x0000000086900000| Untracked 
| 106|0x0000000086a00000, 0x0000000086b00000, 0x0000000086b00000|100%| O|  |TAMS 0x0000000086b00000, 0x0000000086a00000| Untracked 
| 107|0x0000000086b00000, 0x0000000086c00000, 0x0000000086c00000|100%|HS|  |TAMS 0x0000000086c00000, 0x0000000086b00000| Complete 
| 108|0x0000000086c00000, 0x0000000086d00000, 0x0000000086d00000|100%| O|  |TAMS 0x0000000086d00000, 0x0000000086c00000| Untracked 
| 109|0x0000000086d00000, 0x0000000086e00000, 0x0000000086e00000|100%| O|  |TAMS 0x0000000086e00000, 0x0000000086d00000| Untracked 
| 110|0x0000000086e00000, 0x0000000086f00000, 0x0000000086f00000|100%| O|  |TAMS 0x0000000086f00000, 0x0000000086e00000| Untracked 
| 111|0x0000000086f00000, 0x0000000087000000, 0x0000000087000000|100%| O|  |TAMS 0x0000000087000000, 0x0000000086f00000| Untracked 
| 112|0x0000000087000000, 0x0000000087100000, 0x0000000087100000|100%| O|  |TAMS 0x0000000087100000, 0x0000000087000000| Untracked 
| 113|0x0000000087100000, 0x0000000087200000, 0x0000000087200000|100%| O|  |TAMS 0x0000000087200000, 0x0000000087100000| Untracked 
| 114|0x0000000087200000, 0x0000000087300000, 0x0000000087300000|100%|HS|  |TAMS 0x0000000087300000, 0x0000000087200000| Complete 
| 115|0x0000000087300000, 0x0000000087400000, 0x0000000087400000|100%|HC|  |TAMS 0x0000000087400000, 0x0000000087300000| Complete 
| 116|0x0000000087400000, 0x0000000087500000, 0x0000000087500000|100%|HC|  |TAMS 0x0000000087500000, 0x0000000087400000| Complete 
| 117|0x0000000087500000, 0x0000000087600000, 0x0000000087600000|100%|HC|  |TAMS 0x0000000087600000, 0x0000000087500000| Complete 
| 118|0x0000000087600000, 0x0000000087700000, 0x0000000087700000|100%|HC|  |TAMS 0x0000000087700000, 0x0000000087600000| Complete 
| 119|0x0000000087700000, 0x0000000087800000, 0x0000000087800000|100%|HC|  |TAMS 0x0000000087800000, 0x0000000087700000| Complete 
| 120|0x0000000087800000, 0x0000000087900000, 0x0000000087900000|100%|HS|  |TAMS 0x0000000087900000, 0x0000000087800000| Complete 
| 121|0x0000000087900000, 0x0000000087a00000, 0x0000000087a00000|100%|HC|  |TAMS 0x0000000087a00000, 0x0000000087900000| Complete 
| 122|0x0000000087a00000, 0x0000000087b00000, 0x0000000087b00000|100%|HC|  |TAMS 0x0000000087b00000, 0x0000000087a00000| Complete 
| 123|0x0000000087b00000, 0x0000000087c00000, 0x0000000087c00000|100%|HC|  |TAMS 0x0000000087c00000, 0x0000000087b00000| Complete 
| 124|0x0000000087c00000, 0x0000000087d00000, 0x0000000087d00000|100%|HC|  |TAMS 0x0000000087d00000, 0x0000000087c00000| Complete 
| 125|0x0000000087d00000, 0x0000000087e00000, 0x0000000087e00000|100%|HC|  |TAMS 0x0000000087e00000, 0x0000000087d00000| Complete 
| 126|0x0000000087e00000, 0x0000000087f00000, 0x0000000087f00000|100%| O|  |TAMS 0x0000000087f00000, 0x0000000087e00000| Untracked 
| 127|0x0000000087f00000, 0x0000000088000000, 0x0000000088000000|100%| O|  |TAMS 0x0000000088000000, 0x0000000087f00000| Untracked 
| 128|0x0000000088000000, 0x0000000088100000, 0x0000000088100000|100%| O|  |TAMS 0x0000000088100000, 0x0000000088000000| Untracked 
| 129|0x0000000088100000, 0x0000000088200000, 0x0000000088200000|100%| O|  |TAMS 0x0000000088200000, 0x0000000088100000| Untracked 
| 130|0x0000000088200000, 0x0000000088300000, 0x0000000088300000|100%| O|  |TAMS 0x0000000088300000, 0x0000000088200000| Untracked 
| 131|0x0000000088300000, 0x0000000088400000, 0x0000000088400000|100%| O|  |TAMS 0x0000000088400000, 0x0000000088300000| Untracked 
| 132|0x0000000088400000, 0x0000000088500000, 0x0000000088500000|100%| O|  |TAMS 0x0000000088500000, 0x0000000088400000| Untracked 
| 133|0x0000000088500000, 0x0000000088600000, 0x0000000088600000|100%| O|  |TAMS 0x0000000088600000, 0x0000000088500000| Untracked 
| 134|0x0000000088600000, 0x0000000088700000, 0x0000000088700000|100%| O|  |TAMS 0x0000000088700000, 0x0000000088600000| Untracked 
| 135|0x0000000088700000, 0x0000000088800000, 0x0000000088800000|100%| O|  |TAMS 0x0000000088800000, 0x0000000088700000| Untracked 
| 136|0x0000000088800000, 0x0000000088900000, 0x0000000088900000|100%| O|  |TAMS 0x0000000088900000, 0x0000000088800000| Untracked 
| 137|0x0000000088900000, 0x0000000088a00000, 0x0000000088a00000|100%| O|  |TAMS 0x0000000088a00000, 0x0000000088900000| Untracked 
| 138|0x0000000088a00000, 0x0000000088b00000, 0x0000000088b00000|100%|HS|  |TAMS 0x0000000088b00000, 0x0000000088a00000| Complete 
| 139|0x0000000088b00000, 0x0000000088c00000, 0x0000000088c00000|100%|HC|  |TAMS 0x0000000088c00000, 0x0000000088b00000| Complete 
| 140|0x0000000088c00000, 0x0000000088d00000, 0x0000000088d00000|100%|HC|  |TAMS 0x0000000088d00000, 0x0000000088c00000| Complete 
| 141|0x0000000088d00000, 0x0000000088e00000, 0x0000000088e00000|100%|HC|  |TAMS 0x0000000088e00000, 0x0000000088d00000| Complete 
| 142|0x0000000088e00000, 0x0000000088f00000, 0x0000000088f00000|100%|HC|  |TAMS 0x0000000088f00000, 0x0000000088e00000| Complete 
| 143|0x0000000088f00000, 0x0000000089000000, 0x0000000089000000|100%|HC|  |TAMS 0x0000000089000000, 0x0000000088f00000| Complete 
| 144|0x0000000089000000, 0x0000000089100000, 0x0000000089100000|100%|HS|  |TAMS 0x0000000089100000, 0x0000000089000000| Complete 
| 145|0x0000000089100000, 0x0000000089200000, 0x0000000089200000|100%|HS|  |TAMS 0x0000000089200000, 0x0000000089100000| Complete 
| 146|0x0000000089200000, 0x0000000089300000, 0x0000000089300000|100%|HC|  |TAMS 0x0000000089300000, 0x0000000089200000| Complete 
| 147|0x0000000089300000, 0x0000000089400000, 0x0000000089400000|100%|HS|  |TAMS 0x0000000089400000, 0x0000000089300000| Complete 
| 148|0x0000000089400000, 0x0000000089500000, 0x0000000089500000|100%|HC|  |TAMS 0x0000000089500000, 0x0000000089400000| Complete 
| 149|0x0000000089500000, 0x0000000089600000, 0x0000000089600000|100%|HC|  |TAMS 0x0000000089600000, 0x0000000089500000| Complete 
| 150|0x0000000089600000, 0x0000000089700000, 0x0000000089700000|100%|HC|  |TAMS 0x0000000089700000, 0x0000000089600000| Complete 
| 151|0x0000000089700000, 0x0000000089800000, 0x0000000089800000|100%|HS|  |TAMS 0x0000000089800000, 0x0000000089700000| Complete 
| 152|0x0000000089800000, 0x0000000089900000, 0x0000000089900000|100%|HS|  |TAMS 0x0000000089900000, 0x0000000089800000| Complete 
| 153|0x0000000089900000, 0x0000000089a00000, 0x0000000089a00000|100%|HC|  |TAMS 0x0000000089a00000, 0x0000000089900000| Complete 
| 154|0x0000000089a00000, 0x0000000089b00000, 0x0000000089b00000|100%|HC|  |TAMS 0x0000000089b00000, 0x0000000089a00000| Complete 
| 155|0x0000000089b00000, 0x0000000089c00000, 0x0000000089c00000|100%|HC|  |TAMS 0x0000000089c00000, 0x0000000089b00000| Complete 
| 156|0x0000000089c00000, 0x0000000089d00000, 0x0000000089d00000|100%|HC|  |TAMS 0x0000000089d00000, 0x0000000089c00000| Complete 
| 157|0x0000000089d00000, 0x0000000089e00000, 0x0000000089e00000|100%|HC|  |TAMS 0x0000000089e00000, 0x0000000089d00000| Complete 
| 158|0x0000000089e00000, 0x0000000089f00000, 0x0000000089f00000|100%|HS|  |TAMS 0x0000000089f00000, 0x0000000089e00000| Complete 
| 159|0x0000000089f00000, 0x000000008a000000, 0x000000008a000000|100%|HS|  |TAMS 0x000000008a000000, 0x0000000089f00000| Complete 
| 160|0x000000008a000000, 0x000000008a100000, 0x000000008a100000|100%|HC|  |TAMS 0x000000008a100000, 0x000000008a000000| Complete 
| 161|0x000000008a100000, 0x000000008a200000, 0x000000008a200000|100%|HS|  |TAMS 0x000000008a200000, 0x000000008a100000| Complete 
| 162|0x000000008a200000, 0x000000008a300000, 0x000000008a300000|100%|HC|  |TAMS 0x000000008a300000, 0x000000008a200000| Complete 
| 163|0x000000008a300000, 0x000000008a400000, 0x000000008a400000|100%|HC|  |TAMS 0x000000008a400000, 0x000000008a300000| Complete 
| 164|0x000000008a400000, 0x000000008a500000, 0x000000008a500000|100%|HC|  |TAMS 0x000000008a500000, 0x000000008a400000| Complete 
| 165|0x000000008a500000, 0x000000008a600000, 0x000000008a600000|100%| O|  |TAMS 0x000000008a600000, 0x000000008a500000| Untracked 
| 166|0x000000008a600000, 0x000000008a700000, 0x000000008a700000|100%| O|  |TAMS 0x000000008a700000, 0x000000008a600000| Untracked 
| 167|0x000000008a700000, 0x000000008a800000, 0x000000008a800000|100%| O|  |TAMS 0x000000008a800000, 0x000000008a700000| Untracked 
| 168|0x000000008a800000, 0x000000008a900000, 0x000000008a900000|100%| O|  |TAMS 0x000000008a900000, 0x000000008a800000| Untracked 
| 169|0x000000008a900000, 0x000000008a900000, 0x000000008aa00000|  0%| F|  |TAMS 0x000000008a900000, 0x000000008a900000| Untracked 
| 170|0x000000008aa00000, 0x000000008ab00000, 0x000000008ab00000|100%| O|  |TAMS 0x000000008ab00000, 0x000000008aa00000| Untracked 
| 171|0x000000008ab00000, 0x000000008ac00000, 0x000000008ac00000|100%| O|  |TAMS 0x000000008ac00000, 0x000000008ab00000| Untracked 
| 172|0x000000008ac00000, 0x000000008ad00000, 0x000000008ad00000|100%| O|  |TAMS 0x000000008ad00000, 0x000000008ac00000| Untracked 
| 173|0x000000008ad00000, 0x000000008ae00000, 0x000000008ae00000|100%| O|  |TAMS 0x000000008ae00000, 0x000000008ad00000| Untracked 
| 174|0x000000008ae00000, 0x000000008af00000, 0x000000008af00000|100%| O|  |TAMS 0x000000008af00000, 0x000000008ae00000| Untracked 
| 175|0x000000008af00000, 0x000000008b000000, 0x000000008b000000|100%| O|  |TAMS 0x000000008b000000, 0x000000008af00000| Untracked 
| 176|0x000000008b000000, 0x000000008b100000, 0x000000008b100000|100%| O|  |TAMS 0x000000008b100000, 0x000000008b000000| Untracked 
| 177|0x000000008b100000, 0x000000008b200000, 0x000000008b200000|100%| O|  |TAMS 0x000000008b200000, 0x000000008b100000| Untracked 
| 178|0x000000008b200000, 0x000000008b300000, 0x000000008b300000|100%| O|  |TAMS 0x000000008b300000, 0x000000008b200000| Untracked 
| 179|0x000000008b300000, 0x000000008b400000, 0x000000008b400000|100%| O|  |TAMS 0x000000008b400000, 0x000000008b300000| Untracked 
| 180|0x000000008b400000, 0x000000008b500000, 0x000000008b500000|100%| O|  |TAMS 0x000000008b500000, 0x000000008b400000| Untracked 
| 181|0x000000008b500000, 0x000000008b500000, 0x000000008b600000|  0%| F|  |TAMS 0x000000008b500000, 0x000000008b500000| Untracked 
| 182|0x000000008b600000, 0x000000008b700000, 0x000000008b700000|100%| O|  |TAMS 0x000000008b700000, 0x000000008b600000| Untracked 
| 183|0x000000008b700000, 0x000000008b800000, 0x000000008b800000|100%| O|  |TAMS 0x000000008b800000, 0x000000008b700000| Untracked 
| 184|0x000000008b800000, 0x000000008b900000, 0x000000008b900000|100%| O|  |TAMS 0x000000008b900000, 0x000000008b800000| Untracked 
| 185|0x000000008b900000, 0x000000008ba00000, 0x000000008ba00000|100%| O|  |TAMS 0x000000008ba00000, 0x000000008b900000| Untracked 
| 186|0x000000008ba00000, 0x000000008bb00000, 0x000000008bb00000|100%| O|  |TAMS 0x000000008bb00000, 0x000000008ba00000| Untracked 
| 187|0x000000008bb00000, 0x000000008bc00000, 0x000000008bc00000|100%| O|  |TAMS 0x000000008bc00000, 0x000000008bb00000| Untracked 
| 188|0x000000008bc00000, 0x000000008bd00000, 0x000000008bd00000|100%| O|  |TAMS 0x000000008bd00000, 0x000000008bc00000| Untracked 
| 189|0x000000008bd00000, 0x000000008be00000, 0x000000008be00000|100%| O|  |TAMS 0x000000008be00000, 0x000000008bd00000| Untracked 
| 190|0x000000008be00000, 0x000000008bf00000, 0x000000008bf00000|100%| O|  |TAMS 0x000000008bf00000, 0x000000008be00000| Untracked 
| 191|0x000000008bf00000, 0x000000008c000000, 0x000000008c000000|100%| O|  |TAMS 0x000000008c000000, 0x000000008bf00000| Untracked 
| 192|0x000000008c000000, 0x000000008c100000, 0x000000008c100000|100%| O|  |TAMS 0x000000008c100000, 0x000000008c000000| Untracked 
| 193|0x000000008c100000, 0x000000008c200000, 0x000000008c200000|100%| O|  |TAMS 0x000000008c200000, 0x000000008c100000| Untracked 
| 194|0x000000008c200000, 0x000000008c300000, 0x000000008c300000|100%| O|  |TAMS 0x000000008c300000, 0x000000008c200000| Untracked 
| 195|0x000000008c300000, 0x000000008c400000, 0x000000008c400000|100%| O|  |TAMS 0x000000008c300000, 0x000000008c300000| Untracked 
| 196|0x000000008c400000, 0x000000008c500000, 0x000000008c500000|100%| O|  |TAMS 0x000000008c400000, 0x000000008c400000| Untracked 
| 197|0x000000008c500000, 0x000000008c600000, 0x000000008c600000|100%| O|  |TAMS 0x000000008c500000, 0x000000008c500000| Untracked 
| 198|0x000000008c600000, 0x000000008c700000, 0x000000008c700000|100%| O|  |TAMS 0x000000008c700000, 0x000000008c600000| Untracked 
| 199|0x000000008c700000, 0x000000008c800000, 0x000000008c800000|100%| O|  |TAMS 0x000000008c800000, 0x000000008c700000| Untracked 
| 200|0x000000008c800000, 0x000000008c900000, 0x000000008c900000|100%| O|  |TAMS 0x000000008c900000, 0x000000008c800000| Untracked 
| 201|0x000000008c900000, 0x000000008ca00000, 0x000000008ca00000|100%| O|  |TAMS 0x000000008ca00000, 0x000000008c900000| Untracked 
| 202|0x000000008ca00000, 0x000000008cb00000, 0x000000008cb00000|100%| O|  |TAMS 0x000000008cb00000, 0x000000008ca00000| Untracked 
| 203|0x000000008cb00000, 0x000000008cc00000, 0x000000008cc00000|100%| O|  |TAMS 0x000000008cc00000, 0x000000008cb00000| Untracked 
| 204|0x000000008cc00000, 0x000000008cd00000, 0x000000008cd00000|100%| O|  |TAMS 0x000000008cd00000, 0x000000008cc00000| Untracked 
| 205|0x000000008cd00000, 0x000000008ce00000, 0x000000008ce00000|100%| O|  |TAMS 0x000000008ce00000, 0x000000008cd00000| Untracked 
| 206|0x000000008ce00000, 0x000000008ce00000, 0x000000008cf00000|  0%| F|  |TAMS 0x000000008ce00000, 0x000000008ce00000| Untracked 
| 207|0x000000008cf00000, 0x000000008d000000, 0x000000008d000000|100%| O|  |TAMS 0x000000008d000000, 0x000000008cf00000| Untracked 
| 208|0x000000008d000000, 0x000000008d100000, 0x000000008d100000|100%| O|  |TAMS 0x000000008d000000, 0x000000008d000000| Untracked 
| 209|0x000000008d100000, 0x000000008d200000, 0x000000008d200000|100%| O|  |TAMS 0x000000008d100000, 0x000000008d100000| Untracked 
| 210|0x000000008d200000, 0x000000008d300000, 0x000000008d300000|100%| O|  |TAMS 0x000000008d300000, 0x000000008d200000| Untracked 
| 211|0x000000008d300000, 0x000000008d400000, 0x000000008d400000|100%| O|  |TAMS 0x000000008d400000, 0x000000008d300000| Untracked 
| 212|0x000000008d400000, 0x000000008d500000, 0x000000008d500000|100%| O|  |TAMS 0x000000008d500000, 0x000000008d400000| Untracked 
| 213|0x000000008d500000, 0x000000008d600000, 0x000000008d600000|100%| O|  |TAMS 0x000000008d600000, 0x000000008d500000| Untracked 
| 214|0x000000008d600000, 0x000000008d700000, 0x000000008d700000|100%| O|  |TAMS 0x000000008d700000, 0x000000008d600000| Untracked 
| 215|0x000000008d700000, 0x000000008d800000, 0x000000008d800000|100%| O|  |TAMS 0x000000008d800000, 0x000000008d700000| Untracked 
| 216|0x000000008d800000, 0x000000008d900000, 0x000000008d900000|100%| O|  |TAMS 0x000000008d900000, 0x000000008d800000| Untracked 
| 217|0x000000008d900000, 0x000000008da00000, 0x000000008da00000|100%| O|  |TAMS 0x000000008da00000, 0x000000008d900000| Untracked 
| 218|0x000000008da00000, 0x000000008db00000, 0x000000008db00000|100%| O|  |TAMS 0x000000008db00000, 0x000000008da00000| Untracked 
| 219|0x000000008db00000, 0x000000008dc00000, 0x000000008dc00000|100%| O|  |TAMS 0x000000008dc00000, 0x000000008db00000| Untracked 
| 220|0x000000008dc00000, 0x000000008dd00000, 0x000000008dd00000|100%| O|  |TAMS 0x000000008dd00000, 0x000000008dc00000| Untracked 
| 221|0x000000008dd00000, 0x000000008de00000, 0x000000008de00000|100%| O|  |TAMS 0x000000008de00000, 0x000000008dd00000| Untracked 
| 222|0x000000008de00000, 0x000000008df00000, 0x000000008df00000|100%| O|  |TAMS 0x000000008df00000, 0x000000008de00000| Untracked 
| 223|0x000000008df00000, 0x000000008e000000, 0x000000008e000000|100%| O|  |TAMS 0x000000008e000000, 0x000000008df00000| Untracked 
| 224|0x000000008e000000, 0x000000008e100000, 0x000000008e100000|100%| O|  |TAMS 0x000000008e100000, 0x000000008e000000| Untracked 
| 225|0x000000008e100000, 0x000000008e200000, 0x000000008e200000|100%| O|  |TAMS 0x000000008e200000, 0x000000008e100000| Untracked 
| 226|0x000000008e200000, 0x000000008e300000, 0x000000008e300000|100%| O|  |TAMS 0x000000008e300000, 0x000000008e200000| Untracked 
| 227|0x000000008e300000, 0x000000008e400000, 0x000000008e400000|100%| O|  |TAMS 0x000000008e400000, 0x000000008e300000| Untracked 
| 228|0x000000008e400000, 0x000000008e500000, 0x000000008e500000|100%| O|  |TAMS 0x000000008e500000, 0x000000008e400000| Untracked 
| 229|0x000000008e500000, 0x000000008e600000, 0x000000008e600000|100%| O|  |TAMS 0x000000008e600000, 0x000000008e500000| Untracked 
| 230|0x000000008e600000, 0x000000008e700000, 0x000000008e700000|100%| O|  |TAMS 0x000000008e700000, 0x000000008e600000| Untracked 
| 231|0x000000008e700000, 0x000000008e800000, 0x000000008e800000|100%| O|  |TAMS 0x000000008e800000, 0x000000008e700000| Untracked 
| 232|0x000000008e800000, 0x000000008e900000, 0x000000008e900000|100%| O|  |TAMS 0x000000008e900000, 0x000000008e800000| Untracked 
| 233|0x000000008e900000, 0x000000008ea00000, 0x000000008ea00000|100%| O|  |TAMS 0x000000008ea00000, 0x000000008e900000| Untracked 
| 234|0x000000008ea00000, 0x000000008eb00000, 0x000000008eb00000|100%| O|  |TAMS 0x000000008eb00000, 0x000000008ea00000| Untracked 
| 235|0x000000008eb00000, 0x000000008eb00000, 0x000000008ec00000|  0%| F|  |TAMS 0x000000008eb00000, 0x000000008eb00000| Untracked 
| 236|0x000000008ec00000, 0x000000008ed00000, 0x000000008ed00000|100%| O|  |TAMS 0x000000008ec00000, 0x000000008ec00000| Untracked 
| 237|0x000000008ed00000, 0x000000008ee00000, 0x000000008ee00000|100%| O|  |TAMS 0x000000008ed00000, 0x000000008ed00000| Untracked 
| 238|0x000000008ee00000, 0x000000008ef00000, 0x000000008ef00000|100%| O|  |TAMS 0x000000008ee00000, 0x000000008ee00000| Untracked 
| 239|0x000000008ef00000, 0x000000008f000000, 0x000000008f000000|100%| O|  |TAMS 0x000000008ef00000, 0x000000008ef00000| Untracked 
| 240|0x000000008f000000, 0x000000008f100000, 0x000000008f100000|100%| O|  |TAMS 0x000000008f000000, 0x000000008f000000| Untracked 
| 241|0x000000008f100000, 0x000000008f200000, 0x000000008f200000|100%| O|  |TAMS 0x000000008f200000, 0x000000008f100000| Untracked 
| 242|0x000000008f200000, 0x000000008f300000, 0x000000008f300000|100%| O|  |TAMS 0x000000008f300000, 0x000000008f200000| Untracked 
| 243|0x000000008f300000, 0x000000008f400000, 0x000000008f400000|100%| O|  |TAMS 0x000000008f400000, 0x000000008f300000| Untracked 
| 244|0x000000008f400000, 0x000000008f500000, 0x000000008f500000|100%| O|  |TAMS 0x000000008f500000, 0x000000008f400000| Untracked 
| 245|0x000000008f500000, 0x000000008f600000, 0x000000008f600000|100%| O|  |TAMS 0x000000008f600000, 0x000000008f500000| Untracked 
| 246|0x000000008f600000, 0x000000008f700000, 0x000000008f700000|100%| O|  |TAMS 0x000000008f700000, 0x000000008f600000| Untracked 
| 247|0x000000008f700000, 0x000000008f800000, 0x000000008f800000|100%| O|  |TAMS 0x000000008f800000, 0x000000008f700000| Untracked 
| 248|0x000000008f800000, 0x000000008f900000, 0x000000008f900000|100%| O|  |TAMS 0x000000008f900000, 0x000000008f800000| Untracked 
| 249|0x000000008f900000, 0x000000008fa00000, 0x000000008fa00000|100%| O|  |TAMS 0x000000008fa00000, 0x000000008f900000| Untracked 
| 250|0x000000008fa00000, 0x000000008fb00000, 0x000000008fb00000|100%| O|  |TAMS 0x000000008fb00000, 0x000000008fa00000| Untracked 
| 251|0x000000008fb00000, 0x000000008fc00000, 0x000000008fc00000|100%| O|  |TAMS 0x000000008fc00000, 0x000000008fb00000| Untracked 
| 252|0x000000008fc00000, 0x000000008fd00000, 0x000000008fd00000|100%| O|  |TAMS 0x000000008fd00000, 0x000000008fc00000| Untracked 
| 253|0x000000008fd00000, 0x000000008fe00000, 0x000000008fe00000|100%| O|  |TAMS 0x000000008fe00000, 0x000000008fd00000| Untracked 
| 254|0x000000008fe00000, 0x000000008ff00000, 0x000000008ff00000|100%| O|  |TAMS 0x000000008ff00000, 0x000000008fe00000| Untracked 
| 255|0x000000008ff00000, 0x0000000090000000, 0x0000000090000000|100%| O|  |TAMS 0x0000000090000000, 0x000000008ff00000| Untracked 
| 256|0x0000000090000000, 0x0000000090100000, 0x0000000090100000|100%| O|  |TAMS 0x0000000090100000, 0x0000000090000000| Untracked 
| 257|0x0000000090100000, 0x0000000090200000, 0x0000000090200000|100%| O|  |TAMS 0x0000000090200000, 0x0000000090100000| Untracked 
| 258|0x0000000090200000, 0x0000000090300000, 0x0000000090300000|100%| O|  |TAMS 0x0000000090300000, 0x0000000090200000| Untracked 
| 259|0x0000000090300000, 0x0000000090400000, 0x0000000090400000|100%| O|  |TAMS 0x0000000090400000, 0x0000000090300000| Untracked 
| 260|0x0000000090400000, 0x0000000090400000, 0x0000000090500000|  0%| F|  |TAMS 0x0000000090400000, 0x0000000090400000| Untracked 
| 261|0x0000000090500000, 0x0000000090600000, 0x0000000090600000|100%| O|  |TAMS 0x0000000090600000, 0x0000000090500000| Untracked 
| 262|0x0000000090600000, 0x0000000090700000, 0x0000000090700000|100%| O|  |TAMS 0x0000000090700000, 0x0000000090600000| Untracked 
| 263|0x0000000090700000, 0x0000000090800000, 0x0000000090800000|100%| O|  |TAMS 0x0000000090800000, 0x0000000090700000| Untracked 
| 264|0x0000000090800000, 0x0000000090900000, 0x0000000090900000|100%| O|  |TAMS 0x0000000090900000, 0x0000000090800000| Untracked 
| 265|0x0000000090900000, 0x0000000090a00000, 0x0000000090a00000|100%| O|  |TAMS 0x0000000090a00000, 0x0000000090900000| Untracked 
| 266|0x0000000090a00000, 0x0000000090b00000, 0x0000000090b00000|100%| O|  |TAMS 0x0000000090b00000, 0x0000000090a00000| Untracked 
| 267|0x0000000090b00000, 0x0000000090c00000, 0x0000000090c00000|100%| O|  |TAMS 0x0000000090c00000, 0x0000000090b00000| Untracked 
| 268|0x0000000090c00000, 0x0000000090d00000, 0x0000000090d00000|100%| O|  |TAMS 0x0000000090d00000, 0x0000000090c00000| Untracked 
| 269|0x0000000090d00000, 0x0000000090e00000, 0x0000000090e00000|100%| O|  |TAMS 0x0000000090e00000, 0x0000000090d00000| Untracked 
| 270|0x0000000090e00000, 0x0000000090f00000, 0x0000000090f00000|100%| O|  |TAMS 0x0000000090f00000, 0x0000000090e00000| Untracked 
| 271|0x0000000090f00000, 0x0000000091000000, 0x0000000091000000|100%| O|  |TAMS 0x0000000091000000, 0x0000000090f00000| Untracked 
| 272|0x0000000091000000, 0x0000000091100000, 0x0000000091100000|100%| O|  |TAMS 0x0000000091100000, 0x0000000091000000| Untracked 
| 273|0x0000000091100000, 0x0000000091200000, 0x0000000091200000|100%| O|  |TAMS 0x0000000091200000, 0x0000000091100000| Untracked 
| 274|0x0000000091200000, 0x0000000091200000, 0x0000000091300000|  0%| F|  |TAMS 0x0000000091200000, 0x0000000091200000| Untracked 
| 275|0x0000000091300000, 0x0000000091300000, 0x0000000091400000|  0%| F|  |TAMS 0x0000000091300000, 0x0000000091300000| Untracked 
| 276|0x0000000091400000, 0x0000000091400000, 0x0000000091500000|  0%| F|  |TAMS 0x0000000091400000, 0x0000000091400000| Untracked 
| 277|0x0000000091500000, 0x0000000091500000, 0x0000000091600000|  0%| F|  |TAMS 0x0000000091500000, 0x0000000091500000| Untracked 
| 278|0x0000000091600000, 0x0000000091600000, 0x0000000091700000|  0%| F|  |TAMS 0x0000000091600000, 0x0000000091600000| Untracked 
| 279|0x0000000091700000, 0x0000000091800000, 0x0000000091800000|100%| O|  |TAMS 0x0000000091700000, 0x0000000091700000| Untracked 
| 280|0x0000000091800000, 0x0000000091900000, 0x0000000091900000|100%| O|  |TAMS 0x0000000091800000, 0x0000000091800000| Untracked 
| 281|0x0000000091900000, 0x0000000091a00000, 0x0000000091a00000|100%| O|  |TAMS 0x0000000091900000, 0x0000000091900000| Untracked 
| 282|0x0000000091a00000, 0x0000000091b00000, 0x0000000091b00000|100%| O|  |TAMS 0x0000000091a00000, 0x0000000091a00000| Untracked 
| 283|0x0000000091b00000, 0x0000000091c00000, 0x0000000091c00000|100%| O|  |TAMS 0x0000000091b00000, 0x0000000091b00000| Untracked 
| 284|0x0000000091c00000, 0x0000000091c51000, 0x0000000091d00000| 31%| O|  |TAMS 0x0000000091c00000, 0x0000000091c00000| Untracked 
| 285|0x0000000091d00000, 0x0000000091d00000, 0x0000000091e00000|  0%| F|  |TAMS 0x0000000091d00000, 0x0000000091d00000| Untracked 
| 286|0x0000000091e00000, 0x0000000091e00000, 0x0000000091f00000|  0%| F|  |TAMS 0x0000000091e00000, 0x0000000091e00000| Untracked 
| 287|0x0000000091f00000, 0x0000000091f00000, 0x0000000092000000|  0%| F|  |TAMS 0x0000000091f00000, 0x0000000091f00000| Untracked 
| 288|0x0000000092000000, 0x0000000092000000, 0x0000000092100000|  0%| F|  |TAMS 0x0000000092000000, 0x0000000092000000| Untracked 
| 289|0x0000000092100000, 0x0000000092100000, 0x0000000092200000|  0%| F|  |TAMS 0x0000000092100000, 0x0000000092100000| Untracked 
| 290|0x0000000092200000, 0x0000000092200000, 0x0000000092300000|  0%| F|  |TAMS 0x0000000092200000, 0x0000000092200000| Untracked 
| 291|0x0000000092300000, 0x0000000092300000, 0x0000000092400000|  0%| F|  |TAMS 0x0000000092300000, 0x0000000092300000| Untracked 
| 292|0x0000000092400000, 0x0000000092400000, 0x0000000092500000|  0%| F|  |TAMS 0x0000000092400000, 0x0000000092400000| Untracked 
| 293|0x0000000092500000, 0x0000000092500000, 0x0000000092600000|  0%| F|  |TAMS 0x0000000092500000, 0x0000000092500000| Untracked 
| 294|0x0000000092600000, 0x0000000092600000, 0x0000000092700000|  0%| F|  |TAMS 0x0000000092600000, 0x0000000092600000| Untracked 
| 295|0x0000000092700000, 0x0000000092700000, 0x0000000092800000|  0%| F|  |TAMS 0x0000000092700000, 0x0000000092700000| Untracked 
| 296|0x0000000092800000, 0x0000000092800000, 0x0000000092900000|  0%| F|  |TAMS 0x0000000092800000, 0x0000000092800000| Untracked 
| 297|0x0000000092900000, 0x0000000092900000, 0x0000000092a00000|  0%| F|  |TAMS 0x0000000092900000, 0x0000000092900000| Untracked 
| 298|0x0000000092a00000, 0x0000000092a00000, 0x0000000092b00000|  0%| F|  |TAMS 0x0000000092a00000, 0x0000000092a00000| Untracked 
| 299|0x0000000092b00000, 0x0000000092b00000, 0x0000000092c00000|  0%| F|  |TAMS 0x0000000092b00000, 0x0000000092b00000| Untracked 
| 300|0x0000000092c00000, 0x0000000092c00000, 0x0000000092d00000|  0%| F|  |TAMS 0x0000000092c00000, 0x0000000092c00000| Untracked 
| 301|0x0000000092d00000, 0x0000000092d00000, 0x0000000092e00000|  0%| F|  |TAMS 0x0000000092d00000, 0x0000000092d00000| Untracked 
| 302|0x0000000092e00000, 0x0000000092e00000, 0x0000000092f00000|  0%| F|  |TAMS 0x0000000092e00000, 0x0000000092e00000| Untracked 
| 303|0x0000000092f00000, 0x0000000092f00000, 0x0000000093000000|  0%| F|  |TAMS 0x0000000092f00000, 0x0000000092f00000| Untracked 
| 304|0x0000000093000000, 0x0000000093000000, 0x0000000093100000|  0%| F|  |TAMS 0x0000000093000000, 0x0000000093000000| Untracked 
| 305|0x0000000093100000, 0x0000000093100000, 0x0000000093200000|  0%| F|  |TAMS 0x0000000093100000, 0x0000000093100000| Untracked 
| 306|0x0000000093200000, 0x0000000093200000, 0x0000000093300000|  0%| F|  |TAMS 0x0000000093200000, 0x0000000093200000| Untracked 
| 307|0x0000000093300000, 0x0000000093300000, 0x0000000093400000|  0%| F|  |TAMS 0x0000000093300000, 0x0000000093300000| Untracked 
| 308|0x0000000093400000, 0x0000000093400000, 0x0000000093500000|  0%| F|  |TAMS 0x0000000093400000, 0x0000000093400000| Untracked 
| 309|0x0000000093500000, 0x0000000093500000, 0x0000000093600000|  0%| F|  |TAMS 0x0000000093500000, 0x0000000093500000| Untracked 
| 310|0x0000000093600000, 0x0000000093600000, 0x0000000093700000|  0%| F|  |TAMS 0x0000000093600000, 0x0000000093600000| Untracked 
| 311|0x0000000093700000, 0x0000000093700000, 0x0000000093800000|  0%| F|  |TAMS 0x0000000093700000, 0x0000000093700000| Untracked 
| 312|0x0000000093800000, 0x0000000093800000, 0x0000000093900000|  0%| F|  |TAMS 0x0000000093800000, 0x0000000093800000| Untracked 
| 313|0x0000000093900000, 0x0000000093900000, 0x0000000093a00000|  0%| F|  |TAMS 0x0000000093900000, 0x0000000093900000| Untracked 
| 314|0x0000000093a00000, 0x0000000093a00000, 0x0000000093b00000|  0%| F|  |TAMS 0x0000000093a00000, 0x0000000093a00000| Untracked 
| 315|0x0000000093b00000, 0x0000000093b00000, 0x0000000093c00000|  0%| F|  |TAMS 0x0000000093b00000, 0x0000000093b00000| Untracked 
| 316|0x0000000093c00000, 0x0000000093c00000, 0x0000000093d00000|  0%| F|  |TAMS 0x0000000093c00000, 0x0000000093c00000| Untracked 
| 317|0x0000000093d00000, 0x0000000093d00000, 0x0000000093e00000|  0%| F|  |TAMS 0x0000000093d00000, 0x0000000093d00000| Untracked 
| 318|0x0000000093e00000, 0x0000000093e00000, 0x0000000093f00000|  0%| F|  |TAMS 0x0000000093e00000, 0x0000000093e00000| Untracked 
| 319|0x0000000093f00000, 0x0000000093f00000, 0x0000000094000000|  0%| F|  |TAMS 0x0000000093f00000, 0x0000000093f00000| Untracked 
| 320|0x0000000094000000, 0x0000000094000000, 0x0000000094100000|  0%| F|  |TAMS 0x0000000094000000, 0x0000000094000000| Untracked 
| 321|0x0000000094100000, 0x0000000094100000, 0x0000000094200000|  0%| F|  |TAMS 0x0000000094100000, 0x0000000094100000| Untracked 
| 322|0x0000000094200000, 0x0000000094200000, 0x0000000094300000|  0%| F|  |TAMS 0x0000000094200000, 0x0000000094200000| Untracked 
| 323|0x0000000094300000, 0x0000000094300000, 0x0000000094400000|  0%| F|  |TAMS 0x0000000094300000, 0x0000000094300000| Untracked 
| 324|0x0000000094400000, 0x0000000094400000, 0x0000000094500000|  0%| F|  |TAMS 0x0000000094400000, 0x0000000094400000| Untracked 
| 325|0x0000000094500000, 0x0000000094500000, 0x0000000094600000|  0%| F|  |TAMS 0x0000000094500000, 0x0000000094500000| Untracked 
| 326|0x0000000094600000, 0x0000000094600000, 0x0000000094700000|  0%| F|  |TAMS 0x0000000094600000, 0x0000000094600000| Untracked 
| 327|0x0000000094700000, 0x0000000094700000, 0x0000000094800000|  0%| F|  |TAMS 0x0000000094700000, 0x0000000094700000| Untracked 
| 328|0x0000000094800000, 0x0000000094800000, 0x0000000094900000|  0%| F|  |TAMS 0x0000000094800000, 0x0000000094800000| Untracked 
| 329|0x0000000094900000, 0x0000000094900000, 0x0000000094a00000|  0%| F|  |TAMS 0x0000000094900000, 0x0000000094900000| Untracked 
| 330|0x0000000094a00000, 0x0000000094a00000, 0x0000000094b00000|  0%| F|  |TAMS 0x0000000094a00000, 0x0000000094a00000| Untracked 
| 331|0x0000000094b00000, 0x0000000094b00000, 0x0000000094c00000|  0%| F|  |TAMS 0x0000000094b00000, 0x0000000094b00000| Untracked 
| 332|0x0000000094c00000, 0x0000000094c00000, 0x0000000094d00000|  0%| F|  |TAMS 0x0000000094c00000, 0x0000000094c00000| Untracked 
| 333|0x0000000094d00000, 0x0000000094d00000, 0x0000000094e00000|  0%| F|  |TAMS 0x0000000094d00000, 0x0000000094d00000| Untracked 
| 334|0x0000000094e00000, 0x0000000094e00000, 0x0000000094f00000|  0%| F|  |TAMS 0x0000000094e00000, 0x0000000094e00000| Untracked 
| 335|0x0000000094f00000, 0x0000000094f00000, 0x0000000095000000|  0%| F|  |TAMS 0x0000000094f00000, 0x0000000094f00000| Untracked 
| 336|0x0000000095000000, 0x0000000095000000, 0x0000000095100000|  0%| F|  |TAMS 0x0000000095000000, 0x0000000095000000| Untracked 
| 337|0x0000000095100000, 0x0000000095100000, 0x0000000095200000|  0%| F|  |TAMS 0x0000000095100000, 0x0000000095100000| Untracked 
| 338|0x0000000095200000, 0x0000000095200000, 0x0000000095300000|  0%| F|  |TAMS 0x0000000095200000, 0x0000000095200000| Untracked 
| 339|0x0000000095300000, 0x0000000095300000, 0x0000000095400000|  0%| F|  |TAMS 0x0000000095300000, 0x0000000095300000| Untracked 
| 340|0x0000000095400000, 0x0000000095400000, 0x0000000095500000|  0%| F|  |TAMS 0x0000000095400000, 0x0000000095400000| Untracked 
| 341|0x0000000095500000, 0x0000000095500000, 0x0000000095600000|  0%| F|  |TAMS 0x0000000095500000, 0x0000000095500000| Untracked 
| 342|0x0000000095600000, 0x0000000095600000, 0x0000000095700000|  0%| F|  |TAMS 0x0000000095600000, 0x0000000095600000| Untracked 
| 343|0x0000000095700000, 0x0000000095700000, 0x0000000095800000|  0%| F|  |TAMS 0x0000000095700000, 0x0000000095700000| Untracked 
| 344|0x0000000095800000, 0x0000000095800000, 0x0000000095900000|  0%| F|  |TAMS 0x0000000095800000, 0x0000000095800000| Untracked 
| 345|0x0000000095900000, 0x0000000095900000, 0x0000000095a00000|  0%| F|  |TAMS 0x0000000095900000, 0x0000000095900000| Untracked 
| 346|0x0000000095a00000, 0x0000000095a00000, 0x0000000095b00000|  0%| F|  |TAMS 0x0000000095a00000, 0x0000000095a00000| Untracked 
| 347|0x0000000095b00000, 0x0000000095b00000, 0x0000000095c00000|  0%| F|  |TAMS 0x0000000095b00000, 0x0000000095b00000| Untracked 
| 348|0x0000000095c00000, 0x0000000095c00000, 0x0000000095d00000|  0%| F|  |TAMS 0x0000000095c00000, 0x0000000095c00000| Untracked 
| 349|0x0000000095d00000, 0x0000000095d00000, 0x0000000095e00000|  0%| F|  |TAMS 0x0000000095d00000, 0x0000000095d00000| Untracked 
| 350|0x0000000095e00000, 0x0000000095e00000, 0x0000000095f00000|  0%| F|  |TAMS 0x0000000095e00000, 0x0000000095e00000| Untracked 
| 351|0x0000000095f00000, 0x0000000095f00000, 0x0000000096000000|  0%| F|  |TAMS 0x0000000095f00000, 0x0000000095f00000| Untracked 
| 352|0x0000000096000000, 0x0000000096000000, 0x0000000096100000|  0%| F|  |TAMS 0x0000000096000000, 0x0000000096000000| Untracked 
| 353|0x0000000096100000, 0x0000000096100000, 0x0000000096200000|  0%| F|  |TAMS 0x0000000096100000, 0x0000000096100000| Untracked 
| 354|0x0000000096200000, 0x0000000096200000, 0x0000000096300000|  0%| F|  |TAMS 0x0000000096200000, 0x0000000096200000| Untracked 
| 355|0x0000000096300000, 0x0000000096300000, 0x0000000096400000|  0%| F|  |TAMS 0x0000000096300000, 0x0000000096300000| Untracked 
| 356|0x0000000096400000, 0x0000000096400000, 0x0000000096500000|  0%| F|  |TAMS 0x0000000096400000, 0x0000000096400000| Untracked 
| 357|0x0000000096500000, 0x0000000096500000, 0x0000000096600000|  0%| F|  |TAMS 0x0000000096500000, 0x0000000096500000| Untracked 
| 358|0x0000000096600000, 0x0000000096600000, 0x0000000096700000|  0%| F|  |TAMS 0x0000000096600000, 0x0000000096600000| Untracked 
| 359|0x0000000096700000, 0x0000000096700000, 0x0000000096800000|  0%| F|  |TAMS 0x0000000096700000, 0x0000000096700000| Untracked 
| 360|0x0000000096800000, 0x0000000096800000, 0x0000000096900000|  0%| F|  |TAMS 0x0000000096800000, 0x0000000096800000| Untracked 
| 361|0x0000000096900000, 0x0000000096900000, 0x0000000096a00000|  0%| F|  |TAMS 0x0000000096900000, 0x0000000096900000| Untracked 
| 362|0x0000000096a00000, 0x0000000096a00000, 0x0000000096b00000|  0%| F|  |TAMS 0x0000000096a00000, 0x0000000096a00000| Untracked 
| 363|0x0000000096b00000, 0x0000000096b00000, 0x0000000096c00000|  0%| F|  |TAMS 0x0000000096b00000, 0x0000000096b00000| Untracked 
| 364|0x0000000096c00000, 0x0000000096c00000, 0x0000000096d00000|  0%| F|  |TAMS 0x0000000096c00000, 0x0000000096c00000| Untracked 
| 365|0x0000000096d00000, 0x0000000096d00000, 0x0000000096e00000|  0%| F|  |TAMS 0x0000000096d00000, 0x0000000096d00000| Untracked 
| 366|0x0000000096e00000, 0x0000000096e00000, 0x0000000096f00000|  0%| F|  |TAMS 0x0000000096e00000, 0x0000000096e00000| Untracked 
| 367|0x0000000096f00000, 0x0000000096f00000, 0x0000000097000000|  0%| F|  |TAMS 0x0000000096f00000, 0x0000000096f00000| Untracked 
| 368|0x0000000097000000, 0x0000000097000000, 0x0000000097100000|  0%| F|  |TAMS 0x0000000097000000, 0x0000000097000000| Untracked 
| 369|0x0000000097100000, 0x0000000097100000, 0x0000000097200000|  0%| F|  |TAMS 0x0000000097100000, 0x0000000097100000| Untracked 
| 370|0x0000000097200000, 0x0000000097200000, 0x0000000097300000|  0%| F|  |TAMS 0x0000000097200000, 0x0000000097200000| Untracked 
| 371|0x0000000097300000, 0x0000000097300000, 0x0000000097400000|  0%| F|  |TAMS 0x0000000097300000, 0x0000000097300000| Untracked 
| 372|0x0000000097400000, 0x0000000097400000, 0x0000000097500000|  0%| F|  |TAMS 0x0000000097400000, 0x0000000097400000| Untracked 
| 373|0x0000000097500000, 0x0000000097500000, 0x0000000097600000|  0%| F|  |TAMS 0x0000000097500000, 0x0000000097500000| Untracked 
| 374|0x0000000097600000, 0x0000000097600000, 0x0000000097700000|  0%| F|  |TAMS 0x0000000097600000, 0x0000000097600000| Untracked 
| 375|0x0000000097700000, 0x0000000097700000, 0x0000000097800000|  0%| F|  |TAMS 0x0000000097700000, 0x0000000097700000| Untracked 
| 376|0x0000000097800000, 0x0000000097800000, 0x0000000097900000|  0%| F|  |TAMS 0x0000000097800000, 0x0000000097800000| Untracked 
| 377|0x0000000097900000, 0x0000000097900000, 0x0000000097a00000|  0%| F|  |TAMS 0x0000000097900000, 0x0000000097900000| Untracked 
| 378|0x0000000097a00000, 0x0000000097a00000, 0x0000000097b00000|  0%| F|  |TAMS 0x0000000097a00000, 0x0000000097a00000| Untracked 
| 379|0x0000000097b00000, 0x0000000097b00000, 0x0000000097c00000|  0%| F|  |TAMS 0x0000000097b00000, 0x0000000097b00000| Untracked 
| 380|0x0000000097c00000, 0x0000000097c00000, 0x0000000097d00000|  0%| F|  |TAMS 0x0000000097c00000, 0x0000000097c00000| Untracked 
| 381|0x0000000097d00000, 0x0000000097d00000, 0x0000000097e00000|  0%| F|  |TAMS 0x0000000097d00000, 0x0000000097d00000| Untracked 
| 382|0x0000000097e00000, 0x0000000097e00000, 0x0000000097f00000|  0%| F|  |TAMS 0x0000000097e00000, 0x0000000097e00000| Untracked 
| 383|0x0000000097f00000, 0x0000000097f00000, 0x0000000098000000|  0%| F|  |TAMS 0x0000000097f00000, 0x0000000097f00000| Untracked 
| 384|0x0000000098000000, 0x0000000098000000, 0x0000000098100000|  0%| F|  |TAMS 0x0000000098000000, 0x0000000098000000| Untracked 
| 385|0x0000000098100000, 0x0000000098100000, 0x0000000098200000|  0%| F|  |TAMS 0x0000000098100000, 0x0000000098100000| Untracked 
| 386|0x0000000098200000, 0x0000000098200000, 0x0000000098300000|  0%| F|  |TAMS 0x0000000098200000, 0x0000000098200000| Untracked 
| 387|0x0000000098300000, 0x0000000098300000, 0x0000000098400000|  0%| F|  |TAMS 0x0000000098300000, 0x0000000098300000| Untracked 
| 388|0x0000000098400000, 0x0000000098400000, 0x0000000098500000|  0%| F|  |TAMS 0x0000000098400000, 0x0000000098400000| Untracked 
| 389|0x0000000098500000, 0x0000000098500000, 0x0000000098600000|  0%| F|  |TAMS 0x0000000098500000, 0x0000000098500000| Untracked 
| 390|0x0000000098600000, 0x0000000098600000, 0x0000000098700000|  0%| F|  |TAMS 0x0000000098600000, 0x0000000098600000| Untracked 
| 391|0x0000000098700000, 0x0000000098700000, 0x0000000098800000|  0%| F|  |TAMS 0x0000000098700000, 0x0000000098700000| Untracked 
| 392|0x0000000098800000, 0x0000000098800000, 0x0000000098900000|  0%| F|  |TAMS 0x0000000098800000, 0x0000000098800000| Untracked 
| 393|0x0000000098900000, 0x0000000098900000, 0x0000000098a00000|  0%| F|  |TAMS 0x0000000098900000, 0x0000000098900000| Untracked 
| 394|0x0000000098a00000, 0x0000000098a00000, 0x0000000098b00000|  0%| F|  |TAMS 0x0000000098a00000, 0x0000000098a00000| Untracked 
| 395|0x0000000098b00000, 0x0000000098b00000, 0x0000000098c00000|  0%| F|  |TAMS 0x0000000098b00000, 0x0000000098b00000| Untracked 
| 396|0x0000000098c00000, 0x0000000098c00000, 0x0000000098d00000|  0%| F|  |TAMS 0x0000000098c00000, 0x0000000098c00000| Untracked 
| 397|0x0000000098d00000, 0x0000000098d00000, 0x0000000098e00000|  0%| F|  |TAMS 0x0000000098d00000, 0x0000000098d00000| Untracked 
| 398|0x0000000098e00000, 0x0000000098e00000, 0x0000000098f00000|  0%| F|  |TAMS 0x0000000098e00000, 0x0000000098e00000| Untracked 
| 399|0x0000000098f00000, 0x0000000098f00000, 0x0000000099000000|  0%| F|  |TAMS 0x0000000098f00000, 0x0000000098f00000| Untracked 
| 400|0x0000000099000000, 0x0000000099000000, 0x0000000099100000|  0%| F|  |TAMS 0x0000000099000000, 0x0000000099000000| Untracked 
| 401|0x0000000099100000, 0x0000000099100000, 0x0000000099200000|  0%| F|  |TAMS 0x0000000099100000, 0x0000000099100000| Untracked 
| 402|0x0000000099200000, 0x0000000099200000, 0x0000000099300000|  0%| F|  |TAMS 0x0000000099200000, 0x0000000099200000| Untracked 
| 403|0x0000000099300000, 0x0000000099300000, 0x0000000099400000|  0%| F|  |TAMS 0x0000000099300000, 0x0000000099300000| Untracked 
| 404|0x0000000099400000, 0x0000000099400000, 0x0000000099500000|  0%| F|  |TAMS 0x0000000099400000, 0x0000000099400000| Untracked 
| 405|0x0000000099500000, 0x0000000099500000, 0x0000000099600000|  0%| F|  |TAMS 0x0000000099500000, 0x0000000099500000| Untracked 
| 406|0x0000000099600000, 0x0000000099600000, 0x0000000099700000|  0%| F|  |TAMS 0x0000000099600000, 0x0000000099600000| Untracked 
| 407|0x0000000099700000, 0x0000000099700000, 0x0000000099800000|  0%| F|  |TAMS 0x0000000099700000, 0x0000000099700000| Untracked 
| 408|0x0000000099800000, 0x0000000099800000, 0x0000000099900000|  0%| F|  |TAMS 0x0000000099800000, 0x0000000099800000| Untracked 
| 409|0x0000000099900000, 0x0000000099900000, 0x0000000099a00000|  0%| F|  |TAMS 0x0000000099900000, 0x0000000099900000| Untracked 
| 410|0x0000000099a00000, 0x0000000099a00000, 0x0000000099b00000|  0%| F|  |TAMS 0x0000000099a00000, 0x0000000099a00000| Untracked 
| 411|0x0000000099b00000, 0x0000000099b00000, 0x0000000099c00000|  0%| F|  |TAMS 0x0000000099b00000, 0x0000000099b00000| Untracked 
| 412|0x0000000099c00000, 0x0000000099c00000, 0x0000000099d00000|  0%| F|  |TAMS 0x0000000099c00000, 0x0000000099c00000| Untracked 
| 413|0x0000000099d00000, 0x0000000099d00000, 0x0000000099e00000|  0%| F|  |TAMS 0x0000000099d00000, 0x0000000099d00000| Untracked 
| 414|0x0000000099e00000, 0x0000000099e00000, 0x0000000099f00000|  0%| F|  |TAMS 0x0000000099e00000, 0x0000000099e00000| Untracked 
| 415|0x0000000099f00000, 0x0000000099f00000, 0x000000009a000000|  0%| F|  |TAMS 0x0000000099f00000, 0x0000000099f00000| Untracked 
| 416|0x000000009a000000, 0x000000009a000000, 0x000000009a100000|  0%| F|  |TAMS 0x000000009a000000, 0x000000009a000000| Untracked 
| 417|0x000000009a100000, 0x000000009a100000, 0x000000009a200000|  0%| F|  |TAMS 0x000000009a100000, 0x000000009a100000| Untracked 
| 418|0x000000009a200000, 0x000000009a200000, 0x000000009a300000|  0%| F|  |TAMS 0x000000009a200000, 0x000000009a200000| Untracked 
| 419|0x000000009a300000, 0x000000009a300000, 0x000000009a400000|  0%| F|  |TAMS 0x000000009a300000, 0x000000009a300000| Untracked 
| 420|0x000000009a400000, 0x000000009a400000, 0x000000009a500000|  0%| F|  |TAMS 0x000000009a400000, 0x000000009a400000| Untracked 
| 421|0x000000009a500000, 0x000000009a500000, 0x000000009a600000|  0%| F|  |TAMS 0x000000009a500000, 0x000000009a500000| Untracked 
| 422|0x000000009a600000, 0x000000009a600000, 0x000000009a700000|  0%| F|  |TAMS 0x000000009a600000, 0x000000009a600000| Untracked 
| 423|0x000000009a700000, 0x000000009a700000, 0x000000009a800000|  0%| F|  |TAMS 0x000000009a700000, 0x000000009a700000| Untracked 
| 424|0x000000009a800000, 0x000000009a800000, 0x000000009a900000|  0%| F|  |TAMS 0x000000009a800000, 0x000000009a800000| Untracked 
| 425|0x000000009a900000, 0x000000009a900000, 0x000000009aa00000|  0%| F|  |TAMS 0x000000009a900000, 0x000000009a900000| Untracked 
| 426|0x000000009aa00000, 0x000000009aa00000, 0x000000009ab00000|  0%| F|  |TAMS 0x000000009aa00000, 0x000000009aa00000| Untracked 
| 427|0x000000009ab00000, 0x000000009ab00000, 0x000000009ac00000|  0%| F|  |TAMS 0x000000009ab00000, 0x000000009ab00000| Untracked 
| 428|0x000000009ac00000, 0x000000009ac00000, 0x000000009ad00000|  0%| F|  |TAMS 0x000000009ac00000, 0x000000009ac00000| Untracked 
| 429|0x000000009ad00000, 0x000000009ad00000, 0x000000009ae00000|  0%| F|  |TAMS 0x000000009ad00000, 0x000000009ad00000| Untracked 
| 430|0x000000009ae00000, 0x000000009ae00000, 0x000000009af00000|  0%| F|  |TAMS 0x000000009ae00000, 0x000000009ae00000| Untracked 
| 431|0x000000009af00000, 0x000000009af00000, 0x000000009b000000|  0%| F|  |TAMS 0x000000009af00000, 0x000000009af00000| Untracked 
| 432|0x000000009b000000, 0x000000009b000000, 0x000000009b100000|  0%| F|  |TAMS 0x000000009b000000, 0x000000009b000000| Untracked 
| 433|0x000000009b100000, 0x000000009b100000, 0x000000009b200000|  0%| F|  |TAMS 0x000000009b100000, 0x000000009b100000| Untracked 
| 434|0x000000009b200000, 0x000000009b200000, 0x000000009b300000|  0%| F|  |TAMS 0x000000009b200000, 0x000000009b200000| Untracked 
| 435|0x000000009b300000, 0x000000009b300000, 0x000000009b400000|  0%| F|  |TAMS 0x000000009b300000, 0x000000009b300000| Untracked 
| 436|0x000000009b400000, 0x000000009b400000, 0x000000009b500000|  0%| F|  |TAMS 0x000000009b400000, 0x000000009b400000| Untracked 
| 437|0x000000009b500000, 0x000000009b500000, 0x000000009b600000|  0%| F|  |TAMS 0x000000009b500000, 0x000000009b500000| Untracked 
| 438|0x000000009b600000, 0x000000009b600000, 0x000000009b700000|  0%| F|  |TAMS 0x000000009b600000, 0x000000009b600000| Untracked 
| 439|0x000000009b700000, 0x000000009b700000, 0x000000009b800000|  0%| F|  |TAMS 0x000000009b700000, 0x000000009b700000| Untracked 
| 440|0x000000009b800000, 0x000000009b800000, 0x000000009b900000|  0%| F|  |TAMS 0x000000009b800000, 0x000000009b800000| Untracked 
| 441|0x000000009b900000, 0x000000009b900000, 0x000000009ba00000|  0%| F|  |TAMS 0x000000009b900000, 0x000000009b900000| Untracked 
| 442|0x000000009ba00000, 0x000000009ba00000, 0x000000009bb00000|  0%| F|  |TAMS 0x000000009ba00000, 0x000000009ba00000| Untracked 
| 443|0x000000009bb00000, 0x000000009bb00000, 0x000000009bc00000|  0%| F|  |TAMS 0x000000009bb00000, 0x000000009bb00000| Untracked 
| 444|0x000000009bc00000, 0x000000009bc00000, 0x000000009bd00000|  0%| F|  |TAMS 0x000000009bc00000, 0x000000009bc00000| Untracked 
| 445|0x000000009bd00000, 0x000000009bd00000, 0x000000009be00000|  0%| F|  |TAMS 0x000000009bd00000, 0x000000009bd00000| Untracked 
| 446|0x000000009be00000, 0x000000009be00000, 0x000000009bf00000|  0%| F|  |TAMS 0x000000009be00000, 0x000000009be00000| Untracked 
| 447|0x000000009bf00000, 0x000000009bf00000, 0x000000009c000000|  0%| F|  |TAMS 0x000000009bf00000, 0x000000009bf00000| Untracked 
| 448|0x000000009c000000, 0x000000009c000000, 0x000000009c100000|  0%| F|  |TAMS 0x000000009c000000, 0x000000009c000000| Untracked 
| 449|0x000000009c100000, 0x000000009c100000, 0x000000009c200000|  0%| F|  |TAMS 0x000000009c100000, 0x000000009c100000| Untracked 
| 450|0x000000009c200000, 0x000000009c200000, 0x000000009c300000|  0%| F|  |TAMS 0x000000009c200000, 0x000000009c200000| Untracked 
| 451|0x000000009c300000, 0x000000009c300000, 0x000000009c400000|  0%| F|  |TAMS 0x000000009c300000, 0x000000009c300000| Untracked 
| 452|0x000000009c400000, 0x000000009c400000, 0x000000009c500000|  0%| F|  |TAMS 0x000000009c400000, 0x000000009c400000| Untracked 
| 453|0x000000009c500000, 0x000000009c500000, 0x000000009c600000|  0%| F|  |TAMS 0x000000009c500000, 0x000000009c500000| Untracked 
| 454|0x000000009c600000, 0x000000009c600000, 0x000000009c700000|  0%| F|  |TAMS 0x000000009c600000, 0x000000009c600000| Untracked 
| 455|0x000000009c700000, 0x000000009c700000, 0x000000009c800000|  0%| F|  |TAMS 0x000000009c700000, 0x000000009c700000| Untracked 
| 456|0x000000009c800000, 0x000000009c800000, 0x000000009c900000|  0%| F|  |TAMS 0x000000009c800000, 0x000000009c800000| Untracked 
| 457|0x000000009c900000, 0x000000009c900000, 0x000000009ca00000|  0%| F|  |TAMS 0x000000009c900000, 0x000000009c900000| Untracked 
| 458|0x000000009ca00000, 0x000000009ca00000, 0x000000009cb00000|  0%| F|  |TAMS 0x000000009ca00000, 0x000000009ca00000| Untracked 
| 459|0x000000009cb00000, 0x000000009cb00000, 0x000000009cc00000|  0%| F|  |TAMS 0x000000009cb00000, 0x000000009cb00000| Untracked 
| 460|0x000000009cc00000, 0x000000009cc00000, 0x000000009cd00000|  0%| F|  |TAMS 0x000000009cc00000, 0x000000009cc00000| Untracked 
| 461|0x000000009cd00000, 0x000000009cd00000, 0x000000009ce00000|  0%| F|  |TAMS 0x000000009cd00000, 0x000000009cd00000| Untracked 
| 462|0x000000009ce00000, 0x000000009ce00000, 0x000000009cf00000|  0%| F|  |TAMS 0x000000009ce00000, 0x000000009ce00000| Untracked 
| 463|0x000000009cf00000, 0x000000009cf00000, 0x000000009d000000|  0%| F|  |TAMS 0x000000009cf00000, 0x000000009cf00000| Untracked 
| 464|0x000000009d000000, 0x000000009d000000, 0x000000009d100000|  0%| F|  |TAMS 0x000000009d000000, 0x000000009d000000| Untracked 
| 465|0x000000009d100000, 0x000000009d100000, 0x000000009d200000|  0%| F|  |TAMS 0x000000009d100000, 0x000000009d100000| Untracked 
| 466|0x000000009d200000, 0x000000009d200000, 0x000000009d300000|  0%| F|  |TAMS 0x000000009d200000, 0x000000009d200000| Untracked 
| 467|0x000000009d300000, 0x000000009d300000, 0x000000009d400000|  0%| F|  |TAMS 0x000000009d300000, 0x000000009d300000| Untracked 
| 468|0x000000009d400000, 0x000000009d400000, 0x000000009d500000|  0%| F|  |TAMS 0x000000009d400000, 0x000000009d400000| Untracked 
| 469|0x000000009d500000, 0x000000009d500000, 0x000000009d600000|  0%| F|  |TAMS 0x000000009d500000, 0x000000009d500000| Untracked 
| 470|0x000000009d600000, 0x000000009d600000, 0x000000009d700000|  0%| F|  |TAMS 0x000000009d600000, 0x000000009d600000| Untracked 
| 471|0x000000009d700000, 0x000000009d700000, 0x000000009d800000|  0%| F|  |TAMS 0x000000009d700000, 0x000000009d700000| Untracked 
| 472|0x000000009d800000, 0x000000009d800000, 0x000000009d900000|  0%| F|  |TAMS 0x000000009d800000, 0x000000009d800000| Untracked 
| 473|0x000000009d900000, 0x000000009d900000, 0x000000009da00000|  0%| F|  |TAMS 0x000000009d900000, 0x000000009d900000| Untracked 
| 474|0x000000009da00000, 0x000000009da00000, 0x000000009db00000|  0%| F|  |TAMS 0x000000009da00000, 0x000000009da00000| Untracked 
| 475|0x000000009db00000, 0x000000009db00000, 0x000000009dc00000|  0%| F|  |TAMS 0x000000009db00000, 0x000000009db00000| Untracked 
| 476|0x000000009dc00000, 0x000000009dc00000, 0x000000009dd00000|  0%| F|  |TAMS 0x000000009dc00000, 0x000000009dc00000| Untracked 
| 477|0x000000009dd00000, 0x000000009dd00000, 0x000000009de00000|  0%| F|  |TAMS 0x000000009dd00000, 0x000000009dd00000| Untracked 
| 478|0x000000009de00000, 0x000000009de00000, 0x000000009df00000|  0%| F|  |TAMS 0x000000009de00000, 0x000000009de00000| Untracked 
| 479|0x000000009df00000, 0x000000009df00000, 0x000000009e000000|  0%| F|  |TAMS 0x000000009df00000, 0x000000009df00000| Untracked 
| 480|0x000000009e000000, 0x000000009e000000, 0x000000009e100000|  0%| F|  |TAMS 0x000000009e000000, 0x000000009e000000| Untracked 
| 481|0x000000009e100000, 0x000000009e100000, 0x000000009e200000|  0%| F|  |TAMS 0x000000009e100000, 0x000000009e100000| Untracked 
| 482|0x000000009e200000, 0x000000009e200000, 0x000000009e300000|  0%| F|  |TAMS 0x000000009e200000, 0x000000009e200000| Untracked 
| 483|0x000000009e300000, 0x000000009e300000, 0x000000009e400000|  0%| F|  |TAMS 0x000000009e300000, 0x000000009e300000| Untracked 
| 484|0x000000009e400000, 0x000000009e400000, 0x000000009e500000|  0%| F|  |TAMS 0x000000009e400000, 0x000000009e400000| Untracked 
| 485|0x000000009e500000, 0x000000009e500000, 0x000000009e600000|  0%| F|  |TAMS 0x000000009e500000, 0x000000009e500000| Untracked 
| 486|0x000000009e600000, 0x000000009e600000, 0x000000009e700000|  0%| F|  |TAMS 0x000000009e600000, 0x000000009e600000| Untracked 
| 487|0x000000009e700000, 0x000000009e700000, 0x000000009e800000|  0%| F|  |TAMS 0x000000009e700000, 0x000000009e700000| Untracked 
| 488|0x000000009e800000, 0x000000009e800000, 0x000000009e900000|  0%| F|  |TAMS 0x000000009e800000, 0x000000009e800000| Untracked 
| 489|0x000000009e900000, 0x000000009e900000, 0x000000009ea00000|  0%| F|  |TAMS 0x000000009e900000, 0x000000009e900000| Untracked 
| 490|0x000000009ea00000, 0x000000009ea00000, 0x000000009eb00000|  0%| F|  |TAMS 0x000000009ea00000, 0x000000009ea00000| Untracked 
| 491|0x000000009eb00000, 0x000000009eb00000, 0x000000009ec00000|  0%| F|  |TAMS 0x000000009eb00000, 0x000000009eb00000| Untracked 
| 492|0x000000009ec00000, 0x000000009ec00000, 0x000000009ed00000|  0%| F|  |TAMS 0x000000009ec00000, 0x000000009ec00000| Untracked 
| 493|0x000000009ed00000, 0x000000009ed00000, 0x000000009ee00000|  0%| F|  |TAMS 0x000000009ed00000, 0x000000009ed00000| Untracked 
| 494|0x000000009ee00000, 0x000000009ee00000, 0x000000009ef00000|  0%| F|  |TAMS 0x000000009ee00000, 0x000000009ee00000| Untracked 
| 495|0x000000009ef00000, 0x000000009ef00000, 0x000000009f000000|  0%| F|  |TAMS 0x000000009ef00000, 0x000000009ef00000| Untracked 
| 496|0x000000009f000000, 0x000000009f000000, 0x000000009f100000|  0%| F|  |TAMS 0x000000009f000000, 0x000000009f000000| Untracked 
| 497|0x000000009f100000, 0x000000009f100000, 0x000000009f200000|  0%| F|  |TAMS 0x000000009f100000, 0x000000009f100000| Untracked 
| 498|0x000000009f200000, 0x000000009f200000, 0x000000009f300000|  0%| F|  |TAMS 0x000000009f200000, 0x000000009f200000| Untracked 
| 499|0x000000009f300000, 0x000000009f300000, 0x000000009f400000|  0%| F|  |TAMS 0x000000009f300000, 0x000000009f300000| Untracked 
| 500|0x000000009f400000, 0x000000009f400000, 0x000000009f500000|  0%| F|  |TAMS 0x000000009f400000, 0x000000009f400000| Untracked 
| 501|0x000000009f500000, 0x000000009f500000, 0x000000009f600000|  0%| F|  |TAMS 0x000000009f500000, 0x000000009f500000| Untracked 
| 502|0x000000009f600000, 0x000000009f600000, 0x000000009f700000|  0%| F|  |TAMS 0x000000009f600000, 0x000000009f600000| Untracked 
| 503|0x000000009f700000, 0x000000009f700000, 0x000000009f800000|  0%| F|  |TAMS 0x000000009f700000, 0x000000009f700000| Untracked 
| 504|0x000000009f800000, 0x000000009f800000, 0x000000009f900000|  0%| F|  |TAMS 0x000000009f800000, 0x000000009f800000| Untracked 
| 505|0x000000009f900000, 0x000000009f900000, 0x000000009fa00000|  0%| F|  |TAMS 0x000000009f900000, 0x000000009f900000| Untracked 
| 506|0x000000009fa00000, 0x000000009fa00000, 0x000000009fb00000|  0%| F|  |TAMS 0x000000009fa00000, 0x000000009fa00000| Untracked 
| 507|0x000000009fb00000, 0x000000009fb00000, 0x000000009fc00000|  0%| F|  |TAMS 0x000000009fb00000, 0x000000009fb00000| Untracked 
| 508|0x000000009fc00000, 0x000000009fc00000, 0x000000009fd00000|  0%| F|  |TAMS 0x000000009fc00000, 0x000000009fc00000| Untracked 
| 509|0x000000009fd00000, 0x000000009fd00000, 0x000000009fe00000|  0%| F|  |TAMS 0x000000009fd00000, 0x000000009fd00000| Untracked 
| 510|0x000000009fe00000, 0x000000009fe00000, 0x000000009ff00000|  0%| F|  |TAMS 0x000000009fe00000, 0x000000009fe00000| Untracked 
| 511|0x000000009ff00000, 0x000000009ff00000, 0x00000000a0000000|  0%| F|  |TAMS 0x000000009ff00000, 0x000000009ff00000| Untracked 
| 512|0x00000000a0000000, 0x00000000a0000000, 0x00000000a0100000|  0%| F|  |TAMS 0x00000000a0000000, 0x00000000a0000000| Untracked 
| 513|0x00000000a0100000, 0x00000000a0100000, 0x00000000a0200000|  0%| F|  |TAMS 0x00000000a0100000, 0x00000000a0100000| Untracked 
| 514|0x00000000a0200000, 0x00000000a0200000, 0x00000000a0300000|  0%| F|  |TAMS 0x00000000a0200000, 0x00000000a0200000| Untracked 
| 515|0x00000000a0300000, 0x00000000a0300000, 0x00000000a0400000|  0%| F|  |TAMS 0x00000000a0300000, 0x00000000a0300000| Untracked 
| 516|0x00000000a0400000, 0x00000000a0400000, 0x00000000a0500000|  0%| F|  |TAMS 0x00000000a0400000, 0x00000000a0400000| Untracked 
| 517|0x00000000a0500000, 0x00000000a0500000, 0x00000000a0600000|  0%| F|  |TAMS 0x00000000a0500000, 0x00000000a0500000| Untracked 
| 518|0x00000000a0600000, 0x00000000a0600000, 0x00000000a0700000|  0%| F|  |TAMS 0x00000000a0600000, 0x00000000a0600000| Untracked 
| 519|0x00000000a0700000, 0x00000000a0700000, 0x00000000a0800000|  0%| F|  |TAMS 0x00000000a0700000, 0x00000000a0700000| Untracked 
| 520|0x00000000a0800000, 0x00000000a0800000, 0x00000000a0900000|  0%| F|  |TAMS 0x00000000a0800000, 0x00000000a0800000| Untracked 
| 521|0x00000000a0900000, 0x00000000a0900000, 0x00000000a0a00000|  0%| F|  |TAMS 0x00000000a0900000, 0x00000000a0900000| Untracked 
| 522|0x00000000a0a00000, 0x00000000a0a00000, 0x00000000a0b00000|  0%| F|  |TAMS 0x00000000a0a00000, 0x00000000a0a00000| Untracked 
| 523|0x00000000a0b00000, 0x00000000a0b00000, 0x00000000a0c00000|  0%| F|  |TAMS 0x00000000a0b00000, 0x00000000a0b00000| Untracked 
| 524|0x00000000a0c00000, 0x00000000a0c00000, 0x00000000a0d00000|  0%| F|  |TAMS 0x00000000a0c00000, 0x00000000a0c00000| Untracked 
| 525|0x00000000a0d00000, 0x00000000a0d00000, 0x00000000a0e00000|  0%| F|  |TAMS 0x00000000a0d00000, 0x00000000a0d00000| Untracked 
| 526|0x00000000a0e00000, 0x00000000a0e00000, 0x00000000a0f00000|  0%| F|  |TAMS 0x00000000a0e00000, 0x00000000a0e00000| Untracked 
| 527|0x00000000a0f00000, 0x00000000a0f00000, 0x00000000a1000000|  0%| F|  |TAMS 0x00000000a0f00000, 0x00000000a0f00000| Untracked 
| 528|0x00000000a1000000, 0x00000000a1000000, 0x00000000a1100000|  0%| F|  |TAMS 0x00000000a1000000, 0x00000000a1000000| Untracked 
| 529|0x00000000a1100000, 0x00000000a1100000, 0x00000000a1200000|  0%| F|  |TAMS 0x00000000a1100000, 0x00000000a1100000| Untracked 
| 530|0x00000000a1200000, 0x00000000a1200000, 0x00000000a1300000|  0%| F|  |TAMS 0x00000000a1200000, 0x00000000a1200000| Untracked 
| 531|0x00000000a1300000, 0x00000000a1300000, 0x00000000a1400000|  0%| F|  |TAMS 0x00000000a1300000, 0x00000000a1300000| Untracked 
| 532|0x00000000a1400000, 0x00000000a1400000, 0x00000000a1500000|  0%| F|  |TAMS 0x00000000a1400000, 0x00000000a1400000| Untracked 
| 533|0x00000000a1500000, 0x00000000a1500000, 0x00000000a1600000|  0%| F|  |TAMS 0x00000000a1500000, 0x00000000a1500000| Untracked 
| 534|0x00000000a1600000, 0x00000000a1600000, 0x00000000a1700000|  0%| F|  |TAMS 0x00000000a1600000, 0x00000000a1600000| Untracked 
| 535|0x00000000a1700000, 0x00000000a1700000, 0x00000000a1800000|  0%| F|  |TAMS 0x00000000a1700000, 0x00000000a1700000| Untracked 
| 536|0x00000000a1800000, 0x00000000a1800000, 0x00000000a1900000|  0%| F|  |TAMS 0x00000000a1800000, 0x00000000a1800000| Untracked 
| 537|0x00000000a1900000, 0x00000000a1900000, 0x00000000a1a00000|  0%| F|  |TAMS 0x00000000a1900000, 0x00000000a1900000| Untracked 
| 538|0x00000000a1a00000, 0x00000000a1a00000, 0x00000000a1b00000|  0%| F|  |TAMS 0x00000000a1a00000, 0x00000000a1a00000| Untracked 
| 539|0x00000000a1b00000, 0x00000000a1b00000, 0x00000000a1c00000|  0%| F|  |TAMS 0x00000000a1b00000, 0x00000000a1b00000| Untracked 
| 540|0x00000000a1c00000, 0x00000000a1c00000, 0x00000000a1d00000|  0%| F|  |TAMS 0x00000000a1c00000, 0x00000000a1c00000| Untracked 
| 541|0x00000000a1d00000, 0x00000000a1d00000, 0x00000000a1e00000|  0%| F|  |TAMS 0x00000000a1d00000, 0x00000000a1d00000| Untracked 
| 542|0x00000000a1e00000, 0x00000000a1e00000, 0x00000000a1f00000|  0%| F|  |TAMS 0x00000000a1e00000, 0x00000000a1e00000| Untracked 
| 543|0x00000000a1f00000, 0x00000000a1f00000, 0x00000000a2000000|  0%| F|  |TAMS 0x00000000a1f00000, 0x00000000a1f00000| Untracked 
| 544|0x00000000a2000000, 0x00000000a2000000, 0x00000000a2100000|  0%| F|  |TAMS 0x00000000a2000000, 0x00000000a2000000| Untracked 
| 545|0x00000000a2100000, 0x00000000a2100000, 0x00000000a2200000|  0%| F|  |TAMS 0x00000000a2100000, 0x00000000a2100000| Untracked 
| 546|0x00000000a2200000, 0x00000000a2200000, 0x00000000a2300000|  0%| F|  |TAMS 0x00000000a2200000, 0x00000000a2200000| Untracked 
| 547|0x00000000a2300000, 0x00000000a2300000, 0x00000000a2400000|  0%| F|  |TAMS 0x00000000a2300000, 0x00000000a2300000| Untracked 
| 548|0x00000000a2400000, 0x00000000a2400000, 0x00000000a2500000|  0%| F|  |TAMS 0x00000000a2400000, 0x00000000a2400000| Untracked 
| 549|0x00000000a2500000, 0x00000000a2500000, 0x00000000a2600000|  0%| F|  |TAMS 0x00000000a2500000, 0x00000000a2500000| Untracked 
| 550|0x00000000a2600000, 0x00000000a2600000, 0x00000000a2700000|  0%| F|  |TAMS 0x00000000a2600000, 0x00000000a2600000| Untracked 
| 551|0x00000000a2700000, 0x00000000a2700000, 0x00000000a2800000|  0%| F|  |TAMS 0x00000000a2700000, 0x00000000a2700000| Untracked 
| 552|0x00000000a2800000, 0x00000000a2800000, 0x00000000a2900000|  0%| F|  |TAMS 0x00000000a2800000, 0x00000000a2800000| Untracked 
| 553|0x00000000a2900000, 0x00000000a2900000, 0x00000000a2a00000|  0%| F|  |TAMS 0x00000000a2900000, 0x00000000a2900000| Untracked 
| 554|0x00000000a2a00000, 0x00000000a2a00000, 0x00000000a2b00000|  0%| F|  |TAMS 0x00000000a2a00000, 0x00000000a2a00000| Untracked 
| 555|0x00000000a2b00000, 0x00000000a2b00000, 0x00000000a2c00000|  0%| F|  |TAMS 0x00000000a2b00000, 0x00000000a2b00000| Untracked 
| 556|0x00000000a2c00000, 0x00000000a2c00000, 0x00000000a2d00000|  0%| F|  |TAMS 0x00000000a2c00000, 0x00000000a2c00000| Untracked 
| 557|0x00000000a2d00000, 0x00000000a2d00000, 0x00000000a2e00000|  0%| F|  |TAMS 0x00000000a2d00000, 0x00000000a2d00000| Untracked 
| 558|0x00000000a2e00000, 0x00000000a2e00000, 0x00000000a2f00000|  0%| F|  |TAMS 0x00000000a2e00000, 0x00000000a2e00000| Untracked 
| 559|0x00000000a2f00000, 0x00000000a2f00000, 0x00000000a3000000|  0%| F|  |TAMS 0x00000000a2f00000, 0x00000000a2f00000| Untracked 
| 560|0x00000000a3000000, 0x00000000a3000000, 0x00000000a3100000|  0%| F|  |TAMS 0x00000000a3000000, 0x00000000a3000000| Untracked 
| 561|0x00000000a3100000, 0x00000000a3100000, 0x00000000a3200000|  0%| F|  |TAMS 0x00000000a3100000, 0x00000000a3100000| Untracked 
| 562|0x00000000a3200000, 0x00000000a3200000, 0x00000000a3300000|  0%| F|  |TAMS 0x00000000a3200000, 0x00000000a3200000| Untracked 
| 563|0x00000000a3300000, 0x00000000a3300000, 0x00000000a3400000|  0%| F|  |TAMS 0x00000000a3300000, 0x00000000a3300000| Untracked 
| 564|0x00000000a3400000, 0x00000000a3400000, 0x00000000a3500000|  0%| F|  |TAMS 0x00000000a3400000, 0x00000000a3400000| Untracked 
| 565|0x00000000a3500000, 0x00000000a3500000, 0x00000000a3600000|  0%| F|  |TAMS 0x00000000a3500000, 0x00000000a3500000| Untracked 
| 566|0x00000000a3600000, 0x00000000a3600000, 0x00000000a3700000|  0%| F|  |TAMS 0x00000000a3600000, 0x00000000a3600000| Untracked 
| 567|0x00000000a3700000, 0x00000000a3700000, 0x00000000a3800000|  0%| F|  |TAMS 0x00000000a3700000, 0x00000000a3700000| Untracked 
| 568|0x00000000a3800000, 0x00000000a3800000, 0x00000000a3900000|  0%| F|  |TAMS 0x00000000a3800000, 0x00000000a3800000| Untracked 
| 569|0x00000000a3900000, 0x00000000a3900000, 0x00000000a3a00000|  0%| F|  |TAMS 0x00000000a3900000, 0x00000000a3900000| Untracked 
| 570|0x00000000a3a00000, 0x00000000a3a00000, 0x00000000a3b00000|  0%| F|  |TAMS 0x00000000a3a00000, 0x00000000a3a00000| Untracked 
| 571|0x00000000a3b00000, 0x00000000a3b00000, 0x00000000a3c00000|  0%| F|  |TAMS 0x00000000a3b00000, 0x00000000a3b00000| Untracked 
| 572|0x00000000a3c00000, 0x00000000a3c00000, 0x00000000a3d00000|  0%| F|  |TAMS 0x00000000a3c00000, 0x00000000a3c00000| Untracked 
| 573|0x00000000a3d00000, 0x00000000a3d00000, 0x00000000a3e00000|  0%| F|  |TAMS 0x00000000a3d00000, 0x00000000a3d00000| Untracked 
| 574|0x00000000a3e00000, 0x00000000a3e00000, 0x00000000a3f00000|  0%| F|  |TAMS 0x00000000a3e00000, 0x00000000a3e00000| Untracked 
| 575|0x00000000a3f00000, 0x00000000a3f00000, 0x00000000a4000000|  0%| F|  |TAMS 0x00000000a3f00000, 0x00000000a3f00000| Untracked 
| 576|0x00000000a4000000, 0x00000000a4000000, 0x00000000a4100000|  0%| F|  |TAMS 0x00000000a4000000, 0x00000000a4000000| Untracked 
| 577|0x00000000a4100000, 0x00000000a4100000, 0x00000000a4200000|  0%| F|  |TAMS 0x00000000a4100000, 0x00000000a4100000| Untracked 
| 578|0x00000000a4200000, 0x00000000a4200000, 0x00000000a4300000|  0%| F|  |TAMS 0x00000000a4200000, 0x00000000a4200000| Untracked 
| 579|0x00000000a4300000, 0x00000000a4300000, 0x00000000a4400000|  0%| F|  |TAMS 0x00000000a4300000, 0x00000000a4300000| Untracked 
| 580|0x00000000a4400000, 0x00000000a4400000, 0x00000000a4500000|  0%| F|  |TAMS 0x00000000a4400000, 0x00000000a4400000| Untracked 
| 581|0x00000000a4500000, 0x00000000a4500000, 0x00000000a4600000|  0%| F|  |TAMS 0x00000000a4500000, 0x00000000a4500000| Untracked 
| 582|0x00000000a4600000, 0x00000000a4600000, 0x00000000a4700000|  0%| F|  |TAMS 0x00000000a4600000, 0x00000000a4600000| Untracked 
| 583|0x00000000a4700000, 0x00000000a4700000, 0x00000000a4800000|  0%| F|  |TAMS 0x00000000a4700000, 0x00000000a4700000| Untracked 
| 584|0x00000000a4800000, 0x00000000a4800000, 0x00000000a4900000|  0%| F|  |TAMS 0x00000000a4800000, 0x00000000a4800000| Untracked 
| 585|0x00000000a4900000, 0x00000000a4900000, 0x00000000a4a00000|  0%| F|  |TAMS 0x00000000a4900000, 0x00000000a4900000| Untracked 
| 586|0x00000000a4a00000, 0x00000000a4a00000, 0x00000000a4b00000|  0%| F|  |TAMS 0x00000000a4a00000, 0x00000000a4a00000| Untracked 
| 587|0x00000000a4b00000, 0x00000000a4b00000, 0x00000000a4c00000|  0%| F|  |TAMS 0x00000000a4b00000, 0x00000000a4b00000| Untracked 
| 588|0x00000000a4c00000, 0x00000000a4c00000, 0x00000000a4d00000|  0%| F|  |TAMS 0x00000000a4c00000, 0x00000000a4c00000| Untracked 
| 589|0x00000000a4d00000, 0x00000000a4d00000, 0x00000000a4e00000|  0%| F|  |TAMS 0x00000000a4d00000, 0x00000000a4d00000| Untracked 
| 590|0x00000000a4e00000, 0x00000000a4e00000, 0x00000000a4f00000|  0%| F|  |TAMS 0x00000000a4e00000, 0x00000000a4e00000| Untracked 
| 591|0x00000000a4f00000, 0x00000000a4f00000, 0x00000000a5000000|  0%| F|  |TAMS 0x00000000a4f00000, 0x00000000a4f00000| Untracked 
| 592|0x00000000a5000000, 0x00000000a5000000, 0x00000000a5100000|  0%| F|  |TAMS 0x00000000a5000000, 0x00000000a5000000| Untracked 
| 593|0x00000000a5100000, 0x00000000a5100000, 0x00000000a5200000|  0%| F|  |TAMS 0x00000000a5100000, 0x00000000a5100000| Untracked 
| 594|0x00000000a5200000, 0x00000000a5200000, 0x00000000a5300000|  0%| F|  |TAMS 0x00000000a5200000, 0x00000000a5200000| Untracked 
| 595|0x00000000a5300000, 0x00000000a5300000, 0x00000000a5400000|  0%| F|  |TAMS 0x00000000a5300000, 0x00000000a5300000| Untracked 
| 596|0x00000000a5400000, 0x00000000a5400000, 0x00000000a5500000|  0%| F|  |TAMS 0x00000000a5400000, 0x00000000a5400000| Untracked 
| 597|0x00000000a5500000, 0x00000000a5500000, 0x00000000a5600000|  0%| F|  |TAMS 0x00000000a5500000, 0x00000000a5500000| Untracked 
| 598|0x00000000a5600000, 0x00000000a5600000, 0x00000000a5700000|  0%| F|  |TAMS 0x00000000a5600000, 0x00000000a5600000| Untracked 
| 599|0x00000000a5700000, 0x00000000a5700000, 0x00000000a5800000|  0%| F|  |TAMS 0x00000000a5700000, 0x00000000a5700000| Untracked 
| 600|0x00000000a5800000, 0x00000000a5800000, 0x00000000a5900000|  0%| F|  |TAMS 0x00000000a5800000, 0x00000000a5800000| Untracked 
| 601|0x00000000a5900000, 0x00000000a5900000, 0x00000000a5a00000|  0%| F|  |TAMS 0x00000000a5900000, 0x00000000a5900000| Untracked 
| 602|0x00000000a5a00000, 0x00000000a5a00000, 0x00000000a5b00000|  0%| F|  |TAMS 0x00000000a5a00000, 0x00000000a5a00000| Untracked 
| 603|0x00000000a5b00000, 0x00000000a5b00000, 0x00000000a5c00000|  0%| F|  |TAMS 0x00000000a5b00000, 0x00000000a5b00000| Untracked 
| 604|0x00000000a5c00000, 0x00000000a5c00000, 0x00000000a5d00000|  0%| F|  |TAMS 0x00000000a5c00000, 0x00000000a5c00000| Untracked 
| 605|0x00000000a5d00000, 0x00000000a5d00000, 0x00000000a5e00000|  0%| F|  |TAMS 0x00000000a5d00000, 0x00000000a5d00000| Untracked 
| 606|0x00000000a5e00000, 0x00000000a5e00000, 0x00000000a5f00000|  0%| F|  |TAMS 0x00000000a5e00000, 0x00000000a5e00000| Untracked 
| 607|0x00000000a5f00000, 0x00000000a5f00000, 0x00000000a6000000|  0%| F|  |TAMS 0x00000000a5f00000, 0x00000000a5f00000| Untracked 
| 608|0x00000000a6000000, 0x00000000a6000000, 0x00000000a6100000|  0%| F|  |TAMS 0x00000000a6000000, 0x00000000a6000000| Untracked 
| 609|0x00000000a6100000, 0x00000000a6100000, 0x00000000a6200000|  0%| F|  |TAMS 0x00000000a6100000, 0x00000000a6100000| Untracked 
| 610|0x00000000a6200000, 0x00000000a6200000, 0x00000000a6300000|  0%| F|  |TAMS 0x00000000a6200000, 0x00000000a6200000| Untracked 
| 611|0x00000000a6300000, 0x00000000a6300000, 0x00000000a6400000|  0%| F|  |TAMS 0x00000000a6300000, 0x00000000a6300000| Untracked 
| 612|0x00000000a6400000, 0x00000000a6400000, 0x00000000a6500000|  0%| F|  |TAMS 0x00000000a6400000, 0x00000000a6400000| Untracked 
| 613|0x00000000a6500000, 0x00000000a6500000, 0x00000000a6600000|  0%| F|  |TAMS 0x00000000a6500000, 0x00000000a6500000| Untracked 
| 614|0x00000000a6600000, 0x00000000a6600000, 0x00000000a6700000|  0%| F|  |TAMS 0x00000000a6600000, 0x00000000a6600000| Untracked 
| 615|0x00000000a6700000, 0x00000000a6700000, 0x00000000a6800000|  0%| F|  |TAMS 0x00000000a6700000, 0x00000000a6700000| Untracked 
| 616|0x00000000a6800000, 0x00000000a6800000, 0x00000000a6900000|  0%| F|  |TAMS 0x00000000a6800000, 0x00000000a6800000| Untracked 
| 617|0x00000000a6900000, 0x00000000a6900000, 0x00000000a6a00000|  0%| F|  |TAMS 0x00000000a6900000, 0x00000000a6900000| Untracked 
| 618|0x00000000a6a00000, 0x00000000a6a00000, 0x00000000a6b00000|  0%| F|  |TAMS 0x00000000a6a00000, 0x00000000a6a00000| Untracked 
| 619|0x00000000a6b00000, 0x00000000a6b00000, 0x00000000a6c00000|  0%| F|  |TAMS 0x00000000a6b00000, 0x00000000a6b00000| Untracked 
| 620|0x00000000a6c00000, 0x00000000a6c00000, 0x00000000a6d00000|  0%| F|  |TAMS 0x00000000a6c00000, 0x00000000a6c00000| Untracked 
| 621|0x00000000a6d00000, 0x00000000a6d00000, 0x00000000a6e00000|  0%| F|  |TAMS 0x00000000a6d00000, 0x00000000a6d00000| Untracked 
| 622|0x00000000a6e00000, 0x00000000a6e00000, 0x00000000a6f00000|  0%| F|  |TAMS 0x00000000a6e00000, 0x00000000a6e00000| Untracked 
| 623|0x00000000a6f00000, 0x00000000a6f00000, 0x00000000a7000000|  0%| F|  |TAMS 0x00000000a6f00000, 0x00000000a6f00000| Untracked 
| 624|0x00000000a7000000, 0x00000000a7000000, 0x00000000a7100000|  0%| F|  |TAMS 0x00000000a7000000, 0x00000000a7000000| Untracked 
| 625|0x00000000a7100000, 0x00000000a7100000, 0x00000000a7200000|  0%| F|  |TAMS 0x00000000a7100000, 0x00000000a7100000| Untracked 
| 626|0x00000000a7200000, 0x00000000a7200000, 0x00000000a7300000|  0%| F|  |TAMS 0x00000000a7200000, 0x00000000a7200000| Untracked 
| 627|0x00000000a7300000, 0x00000000a7300000, 0x00000000a7400000|  0%| F|  |TAMS 0x00000000a7300000, 0x00000000a7300000| Untracked 
| 628|0x00000000a7400000, 0x00000000a7400000, 0x00000000a7500000|  0%| F|  |TAMS 0x00000000a7400000, 0x00000000a7400000| Untracked 
| 629|0x00000000a7500000, 0x00000000a7500000, 0x00000000a7600000|  0%| F|  |TAMS 0x00000000a7500000, 0x00000000a7500000| Untracked 
| 630|0x00000000a7600000, 0x00000000a7600000, 0x00000000a7700000|  0%| F|  |TAMS 0x00000000a7600000, 0x00000000a7600000| Untracked 
| 631|0x00000000a7700000, 0x00000000a7700000, 0x00000000a7800000|  0%| F|  |TAMS 0x00000000a7700000, 0x00000000a7700000| Untracked 
| 632|0x00000000a7800000, 0x00000000a7800000, 0x00000000a7900000|  0%| F|  |TAMS 0x00000000a7800000, 0x00000000a7800000| Untracked 
| 633|0x00000000a7900000, 0x00000000a7900000, 0x00000000a7a00000|  0%| F|  |TAMS 0x00000000a7900000, 0x00000000a7900000| Untracked 
| 634|0x00000000a7a00000, 0x00000000a7a00000, 0x00000000a7b00000|  0%| F|  |TAMS 0x00000000a7a00000, 0x00000000a7a00000| Untracked 
| 635|0x00000000a7b00000, 0x00000000a7b00000, 0x00000000a7c00000|  0%| F|  |TAMS 0x00000000a7b00000, 0x00000000a7b00000| Untracked 
| 636|0x00000000a7c00000, 0x00000000a7c00000, 0x00000000a7d00000|  0%| F|  |TAMS 0x00000000a7c00000, 0x00000000a7c00000| Untracked 
| 637|0x00000000a7d00000, 0x00000000a7d00000, 0x00000000a7e00000|  0%| F|  |TAMS 0x00000000a7d00000, 0x00000000a7d00000| Untracked 
| 638|0x00000000a7e00000, 0x00000000a7e00000, 0x00000000a7f00000|  0%| F|  |TAMS 0x00000000a7e00000, 0x00000000a7e00000| Untracked 
| 639|0x00000000a7f00000, 0x00000000a7f00000, 0x00000000a8000000|  0%| F|  |TAMS 0x00000000a7f00000, 0x00000000a7f00000| Untracked 
| 640|0x00000000a8000000, 0x00000000a8000000, 0x00000000a8100000|  0%| F|  |TAMS 0x00000000a8000000, 0x00000000a8000000| Untracked 
| 641|0x00000000a8100000, 0x00000000a8100000, 0x00000000a8200000|  0%| F|  |TAMS 0x00000000a8100000, 0x00000000a8100000| Untracked 
| 642|0x00000000a8200000, 0x00000000a8200000, 0x00000000a8300000|  0%| F|  |TAMS 0x00000000a8200000, 0x00000000a8200000| Untracked 
| 643|0x00000000a8300000, 0x00000000a8300000, 0x00000000a8400000|  0%| F|  |TAMS 0x00000000a8300000, 0x00000000a8300000| Untracked 
| 644|0x00000000a8400000, 0x00000000a8400000, 0x00000000a8500000|  0%| F|  |TAMS 0x00000000a8400000, 0x00000000a8400000| Untracked 
| 645|0x00000000a8500000, 0x00000000a8500000, 0x00000000a8600000|  0%| F|  |TAMS 0x00000000a8500000, 0x00000000a8500000| Untracked 
| 646|0x00000000a8600000, 0x00000000a8600000, 0x00000000a8700000|  0%| F|  |TAMS 0x00000000a8600000, 0x00000000a8600000| Untracked 
| 647|0x00000000a8700000, 0x00000000a8700000, 0x00000000a8800000|  0%| F|  |TAMS 0x00000000a8700000, 0x00000000a8700000| Untracked 
| 648|0x00000000a8800000, 0x00000000a8800000, 0x00000000a8900000|  0%| F|  |TAMS 0x00000000a8800000, 0x00000000a8800000| Untracked 
| 649|0x00000000a8900000, 0x00000000a8900000, 0x00000000a8a00000|  0%| F|  |TAMS 0x00000000a8900000, 0x00000000a8900000| Untracked 
| 650|0x00000000a8a00000, 0x00000000a8a00000, 0x00000000a8b00000|  0%| F|  |TAMS 0x00000000a8a00000, 0x00000000a8a00000| Untracked 
| 651|0x00000000a8b00000, 0x00000000a8b00000, 0x00000000a8c00000|  0%| F|  |TAMS 0x00000000a8b00000, 0x00000000a8b00000| Untracked 
| 652|0x00000000a8c00000, 0x00000000a8c00000, 0x00000000a8d00000|  0%| F|  |TAMS 0x00000000a8c00000, 0x00000000a8c00000| Untracked 
| 653|0x00000000a8d00000, 0x00000000a8d00000, 0x00000000a8e00000|  0%| F|  |TAMS 0x00000000a8d00000, 0x00000000a8d00000| Untracked 
| 654|0x00000000a8e00000, 0x00000000a8e00000, 0x00000000a8f00000|  0%| F|  |TAMS 0x00000000a8e00000, 0x00000000a8e00000| Untracked 
| 655|0x00000000a8f00000, 0x00000000a8f00000, 0x00000000a9000000|  0%| F|  |TAMS 0x00000000a8f00000, 0x00000000a8f00000| Untracked 
| 656|0x00000000a9000000, 0x00000000a9000000, 0x00000000a9100000|  0%| F|  |TAMS 0x00000000a9000000, 0x00000000a9000000| Untracked 
| 657|0x00000000a9100000, 0x00000000a9100000, 0x00000000a9200000|  0%| F|  |TAMS 0x00000000a9100000, 0x00000000a9100000| Untracked 
| 658|0x00000000a9200000, 0x00000000a9200000, 0x00000000a9300000|  0%| F|  |TAMS 0x00000000a9200000, 0x00000000a9200000| Untracked 
| 659|0x00000000a9300000, 0x00000000a9300000, 0x00000000a9400000|  0%| F|  |TAMS 0x00000000a9300000, 0x00000000a9300000| Untracked 
| 660|0x00000000a9400000, 0x00000000a9400000, 0x00000000a9500000|  0%| F|  |TAMS 0x00000000a9400000, 0x00000000a9400000| Untracked 
| 661|0x00000000a9500000, 0x00000000a9500000, 0x00000000a9600000|  0%| F|  |TAMS 0x00000000a9500000, 0x00000000a9500000| Untracked 
| 662|0x00000000a9600000, 0x00000000a9600000, 0x00000000a9700000|  0%| F|  |TAMS 0x00000000a9600000, 0x00000000a9600000| Untracked 
| 663|0x00000000a9700000, 0x00000000a9700000, 0x00000000a9800000|  0%| F|  |TAMS 0x00000000a9700000, 0x00000000a9700000| Untracked 
| 664|0x00000000a9800000, 0x00000000a9800000, 0x00000000a9900000|  0%| F|  |TAMS 0x00000000a9800000, 0x00000000a9800000| Untracked 
| 665|0x00000000a9900000, 0x00000000a9900000, 0x00000000a9a00000|  0%| F|  |TAMS 0x00000000a9900000, 0x00000000a9900000| Untracked 
| 666|0x00000000a9a00000, 0x00000000a9a00000, 0x00000000a9b00000|  0%| F|  |TAMS 0x00000000a9a00000, 0x00000000a9a00000| Untracked 
| 667|0x00000000a9b00000, 0x00000000a9b00000, 0x00000000a9c00000|  0%| F|  |TAMS 0x00000000a9b00000, 0x00000000a9b00000| Untracked 
| 668|0x00000000a9c00000, 0x00000000a9c00000, 0x00000000a9d00000|  0%| F|  |TAMS 0x00000000a9c00000, 0x00000000a9c00000| Untracked 
| 669|0x00000000a9d00000, 0x00000000a9d00000, 0x00000000a9e00000|  0%| F|  |TAMS 0x00000000a9d00000, 0x00000000a9d00000| Untracked 
| 670|0x00000000a9e00000, 0x00000000a9e00000, 0x00000000a9f00000|  0%| F|  |TAMS 0x00000000a9e00000, 0x00000000a9e00000| Untracked 
| 671|0x00000000a9f00000, 0x00000000a9f00000, 0x00000000aa000000|  0%| F|  |TAMS 0x00000000a9f00000, 0x00000000a9f00000| Untracked 
| 672|0x00000000aa000000, 0x00000000aa000000, 0x00000000aa100000|  0%| F|  |TAMS 0x00000000aa000000, 0x00000000aa000000| Untracked 
| 673|0x00000000aa100000, 0x00000000aa12bf40, 0x00000000aa200000| 17%| S|CS|TAMS 0x00000000aa100000, 0x00000000aa100000| Complete 
| 674|0x00000000aa200000, 0x00000000aa300000, 0x00000000aa300000|100%| S|CS|TAMS 0x00000000aa200000, 0x00000000aa200000| Complete 
| 675|0x00000000aa300000, 0x00000000aa400000, 0x00000000aa400000|100%| S|CS|TAMS 0x00000000aa300000, 0x00000000aa300000| Complete 
| 676|0x00000000aa400000, 0x00000000aa400000, 0x00000000aa500000|  0%| F|  |TAMS 0x00000000aa400000, 0x00000000aa400000| Untracked 
| 677|0x00000000aa500000, 0x00000000aa500000, 0x00000000aa600000|  0%| F|  |TAMS 0x00000000aa500000, 0x00000000aa500000| Untracked 
| 678|0x00000000aa600000, 0x00000000aa600000, 0x00000000aa700000|  0%| F|  |TAMS 0x00000000aa600000, 0x00000000aa600000| Untracked 
| 679|0x00000000aa700000, 0x00000000aa700000, 0x00000000aa800000|  0%| F|  |TAMS 0x00000000aa700000, 0x00000000aa700000| Untracked 
| 680|0x00000000aa800000, 0x00000000aa800000, 0x00000000aa900000|  0%| F|  |TAMS 0x00000000aa800000, 0x00000000aa800000| Untracked 
| 681|0x00000000aa900000, 0x00000000aa900000, 0x00000000aaa00000|  0%| F|  |TAMS 0x00000000aa900000, 0x00000000aa900000| Untracked 
| 682|0x00000000aaa00000, 0x00000000aaa00000, 0x00000000aab00000|  0%| F|  |TAMS 0x00000000aaa00000, 0x00000000aaa00000| Untracked 
| 683|0x00000000aab00000, 0x00000000aab00000, 0x00000000aac00000|  0%| F|  |TAMS 0x00000000aab00000, 0x00000000aab00000| Untracked 
| 684|0x00000000aac00000, 0x00000000aac00000, 0x00000000aad00000|  0%| F|  |TAMS 0x00000000aac00000, 0x00000000aac00000| Untracked 
| 685|0x00000000aad00000, 0x00000000aad00000, 0x00000000aae00000|  0%| F|  |TAMS 0x00000000aad00000, 0x00000000aad00000| Untracked 
| 686|0x00000000aae00000, 0x00000000aae00000, 0x00000000aaf00000|  0%| F|  |TAMS 0x00000000aae00000, 0x00000000aae00000| Untracked 
| 687|0x00000000aaf00000, 0x00000000aaf00000, 0x00000000ab000000|  0%| F|  |TAMS 0x00000000aaf00000, 0x00000000aaf00000| Untracked 
| 688|0x00000000ab000000, 0x00000000ab000000, 0x00000000ab100000|  0%| F|  |TAMS 0x00000000ab000000, 0x00000000ab000000| Untracked 
| 689|0x00000000ab100000, 0x00000000ab100000, 0x00000000ab200000|  0%| F|  |TAMS 0x00000000ab100000, 0x00000000ab100000| Untracked 
| 690|0x00000000ab200000, 0x00000000ab200000, 0x00000000ab300000|  0%| F|  |TAMS 0x00000000ab200000, 0x00000000ab200000| Untracked 
| 691|0x00000000ab300000, 0x00000000ab300000, 0x00000000ab400000|  0%| F|  |TAMS 0x00000000ab300000, 0x00000000ab300000| Untracked 
| 692|0x00000000ab400000, 0x00000000ab400000, 0x00000000ab500000|  0%| F|  |TAMS 0x00000000ab400000, 0x00000000ab400000| Untracked 
| 693|0x00000000ab500000, 0x00000000ab500000, 0x00000000ab600000|  0%| F|  |TAMS 0x00000000ab500000, 0x00000000ab500000| Untracked 
| 694|0x00000000ab600000, 0x00000000ab600000, 0x00000000ab700000|  0%| F|  |TAMS 0x00000000ab600000, 0x00000000ab600000| Untracked 
| 695|0x00000000ab700000, 0x00000000ab700000, 0x00000000ab800000|  0%| F|  |TAMS 0x00000000ab700000, 0x00000000ab700000| Untracked 
| 696|0x00000000ab800000, 0x00000000ab800000, 0x00000000ab900000|  0%| F|  |TAMS 0x00000000ab800000, 0x00000000ab800000| Untracked 
| 697|0x00000000ab900000, 0x00000000ab900000, 0x00000000aba00000|  0%| F|  |TAMS 0x00000000ab900000, 0x00000000ab900000| Untracked 
| 698|0x00000000aba00000, 0x00000000aba00000, 0x00000000abb00000|  0%| F|  |TAMS 0x00000000aba00000, 0x00000000aba00000| Untracked 
| 699|0x00000000abb00000, 0x00000000abb00000, 0x00000000abc00000|  0%| F|  |TAMS 0x00000000abb00000, 0x00000000abb00000| Untracked 
| 700|0x00000000abc00000, 0x00000000abc00000, 0x00000000abd00000|  0%| F|  |TAMS 0x00000000abc00000, 0x00000000abc00000| Untracked 
| 701|0x00000000abd00000, 0x00000000abd00000, 0x00000000abe00000|  0%| F|  |TAMS 0x00000000abd00000, 0x00000000abd00000| Untracked 
| 702|0x00000000abe00000, 0x00000000abe00000, 0x00000000abf00000|  0%| F|  |TAMS 0x00000000abe00000, 0x00000000abe00000| Untracked 
| 703|0x00000000abf00000, 0x00000000abf00000, 0x00000000ac000000|  0%| F|  |TAMS 0x00000000abf00000, 0x00000000abf00000| Untracked 
| 704|0x00000000ac000000, 0x00000000ac000000, 0x00000000ac100000|  0%| F|  |TAMS 0x00000000ac000000, 0x00000000ac000000| Untracked 
| 705|0x00000000ac100000, 0x00000000ac100000, 0x00000000ac200000|  0%| F|  |TAMS 0x00000000ac100000, 0x00000000ac100000| Untracked 
| 706|0x00000000ac200000, 0x00000000ac200000, 0x00000000ac300000|  0%| F|  |TAMS 0x00000000ac200000, 0x00000000ac200000| Untracked 
| 707|0x00000000ac300000, 0x00000000ac300000, 0x00000000ac400000|  0%| F|  |TAMS 0x00000000ac300000, 0x00000000ac300000| Untracked 
| 708|0x00000000ac400000, 0x00000000ac400000, 0x00000000ac500000|  0%| F|  |TAMS 0x00000000ac400000, 0x00000000ac400000| Untracked 
| 709|0x00000000ac500000, 0x00000000ac500000, 0x00000000ac600000|  0%| F|  |TAMS 0x00000000ac500000, 0x00000000ac500000| Untracked 
| 710|0x00000000ac600000, 0x00000000ac600000, 0x00000000ac700000|  0%| F|  |TAMS 0x00000000ac600000, 0x00000000ac600000| Untracked 
| 711|0x00000000ac700000, 0x00000000ac700000, 0x00000000ac800000|  0%| F|  |TAMS 0x00000000ac700000, 0x00000000ac700000| Untracked 
| 712|0x00000000ac800000, 0x00000000ac800000, 0x00000000ac900000|  0%| F|  |TAMS 0x00000000ac800000, 0x00000000ac800000| Untracked 
| 713|0x00000000ac900000, 0x00000000ac900000, 0x00000000aca00000|  0%| F|  |TAMS 0x00000000ac900000, 0x00000000ac900000| Untracked 
| 714|0x00000000aca00000, 0x00000000aca00000, 0x00000000acb00000|  0%| F|  |TAMS 0x00000000aca00000, 0x00000000aca00000| Untracked 
| 715|0x00000000acb00000, 0x00000000acb00000, 0x00000000acc00000|  0%| F|  |TAMS 0x00000000acb00000, 0x00000000acb00000| Untracked 
| 716|0x00000000acc00000, 0x00000000acc00000, 0x00000000acd00000|  0%| F|  |TAMS 0x00000000acc00000, 0x00000000acc00000| Untracked 
| 717|0x00000000acd00000, 0x00000000acd00000, 0x00000000ace00000|  0%| F|  |TAMS 0x00000000acd00000, 0x00000000acd00000| Untracked 
| 718|0x00000000ace00000, 0x00000000ace00000, 0x00000000acf00000|  0%| F|  |TAMS 0x00000000ace00000, 0x00000000ace00000| Untracked 
| 719|0x00000000acf00000, 0x00000000acf00000, 0x00000000ad000000|  0%| F|  |TAMS 0x00000000acf00000, 0x00000000acf00000| Untracked 
| 720|0x00000000ad000000, 0x00000000ad000000, 0x00000000ad100000|  0%| F|  |TAMS 0x00000000ad000000, 0x00000000ad000000| Untracked 
| 721|0x00000000ad100000, 0x00000000ad100000, 0x00000000ad200000|  0%| F|  |TAMS 0x00000000ad100000, 0x00000000ad100000| Untracked 
| 722|0x00000000ad200000, 0x00000000ad200000, 0x00000000ad300000|  0%| F|  |TAMS 0x00000000ad200000, 0x00000000ad200000| Untracked 
| 723|0x00000000ad300000, 0x00000000ad300000, 0x00000000ad400000|  0%| F|  |TAMS 0x00000000ad300000, 0x00000000ad300000| Untracked 
| 724|0x00000000ad400000, 0x00000000ad400000, 0x00000000ad500000|  0%| F|  |TAMS 0x00000000ad400000, 0x00000000ad400000| Untracked 
| 725|0x00000000ad500000, 0x00000000ad500000, 0x00000000ad600000|  0%| F|  |TAMS 0x00000000ad500000, 0x00000000ad500000| Untracked 
| 726|0x00000000ad600000, 0x00000000ad600000, 0x00000000ad700000|  0%| F|  |TAMS 0x00000000ad600000, 0x00000000ad600000| Untracked 
| 727|0x00000000ad700000, 0x00000000ad700000, 0x00000000ad800000|  0%| F|  |TAMS 0x00000000ad700000, 0x00000000ad700000| Untracked 
| 728|0x00000000ad800000, 0x00000000ad800000, 0x00000000ad900000|  0%| F|  |TAMS 0x00000000ad800000, 0x00000000ad800000| Untracked 
| 729|0x00000000ad900000, 0x00000000ad900000, 0x00000000ada00000|  0%| F|  |TAMS 0x00000000ad900000, 0x00000000ad900000| Untracked 
| 730|0x00000000ada00000, 0x00000000ada00000, 0x00000000adb00000|  0%| F|  |TAMS 0x00000000ada00000, 0x00000000ada00000| Untracked 
| 731|0x00000000adb00000, 0x00000000adb00000, 0x00000000adc00000|  0%| F|  |TAMS 0x00000000adb00000, 0x00000000adb00000| Untracked 
| 732|0x00000000adc00000, 0x00000000adc00000, 0x00000000add00000|  0%| F|  |TAMS 0x00000000adc00000, 0x00000000adc00000| Untracked 
| 733|0x00000000add00000, 0x00000000add00000, 0x00000000ade00000|  0%| F|  |TAMS 0x00000000add00000, 0x00000000add00000| Untracked 
| 734|0x00000000ade00000, 0x00000000ade00000, 0x00000000adf00000|  0%| F|  |TAMS 0x00000000ade00000, 0x00000000ade00000| Untracked 
| 735|0x00000000adf00000, 0x00000000adf00000, 0x00000000ae000000|  0%| F|  |TAMS 0x00000000adf00000, 0x00000000adf00000| Untracked 
| 736|0x00000000ae000000, 0x00000000ae000000, 0x00000000ae100000|  0%| F|  |TAMS 0x00000000ae000000, 0x00000000ae000000| Untracked 
| 737|0x00000000ae100000, 0x00000000ae100000, 0x00000000ae200000|  0%| F|  |TAMS 0x00000000ae100000, 0x00000000ae100000| Untracked 
| 738|0x00000000ae200000, 0x00000000ae200000, 0x00000000ae300000|  0%| F|  |TAMS 0x00000000ae200000, 0x00000000ae200000| Untracked 
| 739|0x00000000ae300000, 0x00000000ae300000, 0x00000000ae400000|  0%| F|  |TAMS 0x00000000ae300000, 0x00000000ae300000| Untracked 
| 740|0x00000000ae400000, 0x00000000ae400000, 0x00000000ae500000|  0%| F|  |TAMS 0x00000000ae400000, 0x00000000ae400000| Untracked 
| 741|0x00000000ae500000, 0x00000000ae500000, 0x00000000ae600000|  0%| F|  |TAMS 0x00000000ae500000, 0x00000000ae500000| Untracked 
| 742|0x00000000ae600000, 0x00000000ae600000, 0x00000000ae700000|  0%| F|  |TAMS 0x00000000ae600000, 0x00000000ae600000| Untracked 
| 743|0x00000000ae700000, 0x00000000ae700000, 0x00000000ae800000|  0%| F|  |TAMS 0x00000000ae700000, 0x00000000ae700000| Untracked 
| 744|0x00000000ae800000, 0x00000000ae800000, 0x00000000ae900000|  0%| F|  |TAMS 0x00000000ae800000, 0x00000000ae800000| Untracked 
| 745|0x00000000ae900000, 0x00000000ae900000, 0x00000000aea00000|  0%| F|  |TAMS 0x00000000ae900000, 0x00000000ae900000| Untracked 
| 746|0x00000000aea00000, 0x00000000aea00000, 0x00000000aeb00000|  0%| F|  |TAMS 0x00000000aea00000, 0x00000000aea00000| Untracked 
| 747|0x00000000aeb00000, 0x00000000aeb00000, 0x00000000aec00000|  0%| F|  |TAMS 0x00000000aeb00000, 0x00000000aeb00000| Untracked 
| 748|0x00000000aec00000, 0x00000000aec00000, 0x00000000aed00000|  0%| F|  |TAMS 0x00000000aec00000, 0x00000000aec00000| Untracked 
| 749|0x00000000aed00000, 0x00000000aed00000, 0x00000000aee00000|  0%| F|  |TAMS 0x00000000aed00000, 0x00000000aed00000| Untracked 
| 750|0x00000000aee00000, 0x00000000aee00000, 0x00000000aef00000|  0%| F|  |TAMS 0x00000000aee00000, 0x00000000aee00000| Untracked 
| 751|0x00000000aef00000, 0x00000000aef00000, 0x00000000af000000|  0%| F|  |TAMS 0x00000000aef00000, 0x00000000aef00000| Untracked 
| 752|0x00000000af000000, 0x00000000af000000, 0x00000000af100000|  0%| F|  |TAMS 0x00000000af000000, 0x00000000af000000| Untracked 
| 753|0x00000000af100000, 0x00000000af100000, 0x00000000af200000|  0%| F|  |TAMS 0x00000000af100000, 0x00000000af100000| Untracked 
| 754|0x00000000af200000, 0x00000000af200000, 0x00000000af300000|  0%| F|  |TAMS 0x00000000af200000, 0x00000000af200000| Untracked 
| 755|0x00000000af300000, 0x00000000af300000, 0x00000000af400000|  0%| F|  |TAMS 0x00000000af300000, 0x00000000af300000| Untracked 
| 756|0x00000000af400000, 0x00000000af400000, 0x00000000af500000|  0%| F|  |TAMS 0x00000000af400000, 0x00000000af400000| Untracked 
| 757|0x00000000af500000, 0x00000000af500000, 0x00000000af600000|  0%| F|  |TAMS 0x00000000af500000, 0x00000000af500000| Untracked 
| 758|0x00000000af600000, 0x00000000af600000, 0x00000000af700000|  0%| F|  |TAMS 0x00000000af600000, 0x00000000af600000| Untracked 
| 759|0x00000000af700000, 0x00000000af700000, 0x00000000af800000|  0%| F|  |TAMS 0x00000000af700000, 0x00000000af700000| Untracked 
| 760|0x00000000af800000, 0x00000000af800000, 0x00000000af900000|  0%| F|  |TAMS 0x00000000af800000, 0x00000000af800000| Untracked 
| 761|0x00000000af900000, 0x00000000af900000, 0x00000000afa00000|  0%| F|  |TAMS 0x00000000af900000, 0x00000000af900000| Untracked 
| 762|0x00000000afa00000, 0x00000000afa00000, 0x00000000afb00000|  0%| F|  |TAMS 0x00000000afa00000, 0x00000000afa00000| Untracked 
| 763|0x00000000afb00000, 0x00000000afb00000, 0x00000000afc00000|  0%| F|  |TAMS 0x00000000afb00000, 0x00000000afb00000| Untracked 
| 764|0x00000000afc00000, 0x00000000afc00000, 0x00000000afd00000|  0%| F|  |TAMS 0x00000000afc00000, 0x00000000afc00000| Untracked 
| 765|0x00000000afd00000, 0x00000000afd00000, 0x00000000afe00000|  0%| F|  |TAMS 0x00000000afd00000, 0x00000000afd00000| Untracked 
| 766|0x00000000afe00000, 0x00000000afe00000, 0x00000000aff00000|  0%| F|  |TAMS 0x00000000afe00000, 0x00000000afe00000| Untracked 
| 767|0x00000000aff00000, 0x00000000aff00000, 0x00000000b0000000|  0%| F|  |TAMS 0x00000000aff00000, 0x00000000aff00000| Untracked 
| 768|0x00000000b0000000, 0x00000000b0000000, 0x00000000b0100000|  0%| F|  |TAMS 0x00000000b0000000, 0x00000000b0000000| Untracked 
| 769|0x00000000b0100000, 0x00000000b0100000, 0x00000000b0200000|  0%| F|  |TAMS 0x00000000b0100000, 0x00000000b0100000| Untracked 
| 770|0x00000000b0200000, 0x00000000b0200000, 0x00000000b0300000|  0%| F|  |TAMS 0x00000000b0200000, 0x00000000b0200000| Untracked 
| 771|0x00000000b0300000, 0x00000000b0300000, 0x00000000b0400000|  0%| F|  |TAMS 0x00000000b0300000, 0x00000000b0300000| Untracked 
| 772|0x00000000b0400000, 0x00000000b0400000, 0x00000000b0500000|  0%| F|  |TAMS 0x00000000b0400000, 0x00000000b0400000| Untracked 
| 773|0x00000000b0500000, 0x00000000b0500000, 0x00000000b0600000|  0%| F|  |TAMS 0x00000000b0500000, 0x00000000b0500000| Untracked 
| 774|0x00000000b0600000, 0x00000000b0600000, 0x00000000b0700000|  0%| F|  |TAMS 0x00000000b0600000, 0x00000000b0600000| Untracked 
| 775|0x00000000b0700000, 0x00000000b0700000, 0x00000000b0800000|  0%| F|  |TAMS 0x00000000b0700000, 0x00000000b0700000| Untracked 
| 776|0x00000000b0800000, 0x00000000b0800000, 0x00000000b0900000|  0%| F|  |TAMS 0x00000000b0800000, 0x00000000b0800000| Untracked 
| 777|0x00000000b0900000, 0x00000000b0900000, 0x00000000b0a00000|  0%| F|  |TAMS 0x00000000b0900000, 0x00000000b0900000| Untracked 
| 778|0x00000000b0a00000, 0x00000000b0a00000, 0x00000000b0b00000|  0%| F|  |TAMS 0x00000000b0a00000, 0x00000000b0a00000| Untracked 
| 779|0x00000000b0b00000, 0x00000000b0b00000, 0x00000000b0c00000|  0%| F|  |TAMS 0x00000000b0b00000, 0x00000000b0b00000| Untracked 
| 780|0x00000000b0c00000, 0x00000000b0c00000, 0x00000000b0d00000|  0%| F|  |TAMS 0x00000000b0c00000, 0x00000000b0c00000| Untracked 
| 781|0x00000000b0d00000, 0x00000000b0d00000, 0x00000000b0e00000|  0%| F|  |TAMS 0x00000000b0d00000, 0x00000000b0d00000| Untracked 
| 782|0x00000000b0e00000, 0x00000000b0e00000, 0x00000000b0f00000|  0%| F|  |TAMS 0x00000000b0e00000, 0x00000000b0e00000| Untracked 
| 783|0x00000000b0f00000, 0x00000000b0f00000, 0x00000000b1000000|  0%| F|  |TAMS 0x00000000b0f00000, 0x00000000b0f00000| Untracked 
| 784|0x00000000b1000000, 0x00000000b1000000, 0x00000000b1100000|  0%| F|  |TAMS 0x00000000b1000000, 0x00000000b1000000| Untracked 
| 785|0x00000000b1100000, 0x00000000b1100000, 0x00000000b1200000|  0%| F|  |TAMS 0x00000000b1100000, 0x00000000b1100000| Untracked 
| 786|0x00000000b1200000, 0x00000000b1200000, 0x00000000b1300000|  0%| F|  |TAMS 0x00000000b1200000, 0x00000000b1200000| Untracked 
| 787|0x00000000b1300000, 0x00000000b1300000, 0x00000000b1400000|  0%| F|  |TAMS 0x00000000b1300000, 0x00000000b1300000| Untracked 
| 788|0x00000000b1400000, 0x00000000b1400000, 0x00000000b1500000|  0%| F|  |TAMS 0x00000000b1400000, 0x00000000b1400000| Untracked 
| 789|0x00000000b1500000, 0x00000000b1500000, 0x00000000b1600000|  0%| F|  |TAMS 0x00000000b1500000, 0x00000000b1500000| Untracked 
| 790|0x00000000b1600000, 0x00000000b1600000, 0x00000000b1700000|  0%| F|  |TAMS 0x00000000b1600000, 0x00000000b1600000| Untracked 
| 791|0x00000000b1700000, 0x00000000b1700000, 0x00000000b1800000|  0%| F|  |TAMS 0x00000000b1700000, 0x00000000b1700000| Untracked 
| 792|0x00000000b1800000, 0x00000000b1800000, 0x00000000b1900000|  0%| F|  |TAMS 0x00000000b1800000, 0x00000000b1800000| Untracked 
| 793|0x00000000b1900000, 0x00000000b1900000, 0x00000000b1a00000|  0%| F|  |TAMS 0x00000000b1900000, 0x00000000b1900000| Untracked 
| 794|0x00000000b1a00000, 0x00000000b1a00000, 0x00000000b1b00000|  0%| F|  |TAMS 0x00000000b1a00000, 0x00000000b1a00000| Untracked 
| 795|0x00000000b1b00000, 0x00000000b1b00000, 0x00000000b1c00000|  0%| F|  |TAMS 0x00000000b1b00000, 0x00000000b1b00000| Untracked 
| 796|0x00000000b1c00000, 0x00000000b1c00000, 0x00000000b1d00000|  0%| F|  |TAMS 0x00000000b1c00000, 0x00000000b1c00000| Untracked 
| 797|0x00000000b1d00000, 0x00000000b1d00000, 0x00000000b1e00000|  0%| F|  |TAMS 0x00000000b1d00000, 0x00000000b1d00000| Untracked 
| 798|0x00000000b1e00000, 0x00000000b1e00000, 0x00000000b1f00000|  0%| F|  |TAMS 0x00000000b1e00000, 0x00000000b1e00000| Untracked 
| 799|0x00000000b1f00000, 0x00000000b1f00000, 0x00000000b2000000|  0%| F|  |TAMS 0x00000000b1f00000, 0x00000000b1f00000| Untracked 
| 800|0x00000000b2000000, 0x00000000b2000000, 0x00000000b2100000|  0%| F|  |TAMS 0x00000000b2000000, 0x00000000b2000000| Untracked 
| 801|0x00000000b2100000, 0x00000000b2100000, 0x00000000b2200000|  0%| F|  |TAMS 0x00000000b2100000, 0x00000000b2100000| Untracked 
| 802|0x00000000b2200000, 0x00000000b2200000, 0x00000000b2300000|  0%| F|  |TAMS 0x00000000b2200000, 0x00000000b2200000| Untracked 
| 803|0x00000000b2300000, 0x00000000b2300000, 0x00000000b2400000|  0%| F|  |TAMS 0x00000000b2300000, 0x00000000b2300000| Untracked 
| 804|0x00000000b2400000, 0x00000000b2400000, 0x00000000b2500000|  0%| F|  |TAMS 0x00000000b2400000, 0x00000000b2400000| Untracked 
| 805|0x00000000b2500000, 0x00000000b2500000, 0x00000000b2600000|  0%| F|  |TAMS 0x00000000b2500000, 0x00000000b2500000| Untracked 
| 806|0x00000000b2600000, 0x00000000b2600000, 0x00000000b2700000|  0%| F|  |TAMS 0x00000000b2600000, 0x00000000b2600000| Untracked 
| 807|0x00000000b2700000, 0x00000000b2700000, 0x00000000b2800000|  0%| F|  |TAMS 0x00000000b2700000, 0x00000000b2700000| Untracked 
| 808|0x00000000b2800000, 0x00000000b2800000, 0x00000000b2900000|  0%| F|  |TAMS 0x00000000b2800000, 0x00000000b2800000| Untracked 
| 809|0x00000000b2900000, 0x00000000b2900000, 0x00000000b2a00000|  0%| F|  |TAMS 0x00000000b2900000, 0x00000000b2900000| Untracked 
| 810|0x00000000b2a00000, 0x00000000b2a00000, 0x00000000b2b00000|  0%| F|  |TAMS 0x00000000b2a00000, 0x00000000b2a00000| Untracked 
| 811|0x00000000b2b00000, 0x00000000b2b00000, 0x00000000b2c00000|  0%| F|  |TAMS 0x00000000b2b00000, 0x00000000b2b00000| Untracked 
| 812|0x00000000b2c00000, 0x00000000b2c00000, 0x00000000b2d00000|  0%| F|  |TAMS 0x00000000b2c00000, 0x00000000b2c00000| Untracked 
| 813|0x00000000b2d00000, 0x00000000b2d00000, 0x00000000b2e00000|  0%| F|  |TAMS 0x00000000b2d00000, 0x00000000b2d00000| Untracked 
| 814|0x00000000b2e00000, 0x00000000b2e00000, 0x00000000b2f00000|  0%| F|  |TAMS 0x00000000b2e00000, 0x00000000b2e00000| Untracked 
| 815|0x00000000b2f00000, 0x00000000b2f00000, 0x00000000b3000000|  0%| F|  |TAMS 0x00000000b2f00000, 0x00000000b2f00000| Untracked 
| 816|0x00000000b3000000, 0x00000000b3000000, 0x00000000b3100000|  0%| F|  |TAMS 0x00000000b3000000, 0x00000000b3000000| Untracked 
| 817|0x00000000b3100000, 0x00000000b3100000, 0x00000000b3200000|  0%| F|  |TAMS 0x00000000b3100000, 0x00000000b3100000| Untracked 
| 818|0x00000000b3200000, 0x00000000b3200000, 0x00000000b3300000|  0%| F|  |TAMS 0x00000000b3200000, 0x00000000b3200000| Untracked 
| 819|0x00000000b3300000, 0x00000000b3300000, 0x00000000b3400000|  0%| F|  |TAMS 0x00000000b3300000, 0x00000000b3300000| Untracked 
| 820|0x00000000b3400000, 0x00000000b3400000, 0x00000000b3500000|  0%| F|  |TAMS 0x00000000b3400000, 0x00000000b3400000| Untracked 
| 821|0x00000000b3500000, 0x00000000b3500000, 0x00000000b3600000|  0%| F|  |TAMS 0x00000000b3500000, 0x00000000b3500000| Untracked 
| 822|0x00000000b3600000, 0x00000000b3600000, 0x00000000b3700000|  0%| F|  |TAMS 0x00000000b3600000, 0x00000000b3600000| Untracked 
| 823|0x00000000b3700000, 0x00000000b3700000, 0x00000000b3800000|  0%| F|  |TAMS 0x00000000b3700000, 0x00000000b3700000| Untracked 
| 824|0x00000000b3800000, 0x00000000b3800000, 0x00000000b3900000|  0%| F|  |TAMS 0x00000000b3800000, 0x00000000b3800000| Untracked 
| 825|0x00000000b3900000, 0x00000000b3900000, 0x00000000b3a00000|  0%| F|  |TAMS 0x00000000b3900000, 0x00000000b3900000| Untracked 
| 826|0x00000000b3a00000, 0x00000000b3a00000, 0x00000000b3b00000|  0%| F|  |TAMS 0x00000000b3a00000, 0x00000000b3a00000| Untracked 
| 827|0x00000000b3b00000, 0x00000000b3b00000, 0x00000000b3c00000|  0%| F|  |TAMS 0x00000000b3b00000, 0x00000000b3b00000| Untracked 
| 828|0x00000000b3c00000, 0x00000000b3c00000, 0x00000000b3d00000|  0%| F|  |TAMS 0x00000000b3c00000, 0x00000000b3c00000| Untracked 
| 829|0x00000000b3d00000, 0x00000000b3d00000, 0x00000000b3e00000|  0%| F|  |TAMS 0x00000000b3d00000, 0x00000000b3d00000| Untracked 
| 830|0x00000000b3e00000, 0x00000000b3e00000, 0x00000000b3f00000|  0%| F|  |TAMS 0x00000000b3e00000, 0x00000000b3e00000| Untracked 
| 831|0x00000000b3f00000, 0x00000000b3f00000, 0x00000000b4000000|  0%| F|  |TAMS 0x00000000b3f00000, 0x00000000b3f00000| Untracked 
| 832|0x00000000b4000000, 0x00000000b4000000, 0x00000000b4100000|  0%| F|  |TAMS 0x00000000b4000000, 0x00000000b4000000| Untracked 
| 833|0x00000000b4100000, 0x00000000b4100000, 0x00000000b4200000|  0%| F|  |TAMS 0x00000000b4100000, 0x00000000b4100000| Untracked 
| 834|0x00000000b4200000, 0x00000000b4200000, 0x00000000b4300000|  0%| F|  |TAMS 0x00000000b4200000, 0x00000000b4200000| Untracked 
| 835|0x00000000b4300000, 0x00000000b4300000, 0x00000000b4400000|  0%| F|  |TAMS 0x00000000b4300000, 0x00000000b4300000| Untracked 
| 836|0x00000000b4400000, 0x00000000b4400000, 0x00000000b4500000|  0%| F|  |TAMS 0x00000000b4400000, 0x00000000b4400000| Untracked 
| 837|0x00000000b4500000, 0x00000000b4500000, 0x00000000b4600000|  0%| F|  |TAMS 0x00000000b4500000, 0x00000000b4500000| Untracked 
| 838|0x00000000b4600000, 0x00000000b4600000, 0x00000000b4700000|  0%| F|  |TAMS 0x00000000b4600000, 0x00000000b4600000| Untracked 
| 839|0x00000000b4700000, 0x00000000b4700000, 0x00000000b4800000|  0%| F|  |TAMS 0x00000000b4700000, 0x00000000b4700000| Untracked 
| 840|0x00000000b4800000, 0x00000000b4800000, 0x00000000b4900000|  0%| F|  |TAMS 0x00000000b4800000, 0x00000000b4800000| Untracked 
| 841|0x00000000b4900000, 0x00000000b4900000, 0x00000000b4a00000|  0%| F|  |TAMS 0x00000000b4900000, 0x00000000b4900000| Untracked 
| 842|0x00000000b4a00000, 0x00000000b4a00000, 0x00000000b4b00000|  0%| F|  |TAMS 0x00000000b4a00000, 0x00000000b4a00000| Untracked 
| 843|0x00000000b4b00000, 0x00000000b4b00000, 0x00000000b4c00000|  0%| F|  |TAMS 0x00000000b4b00000, 0x00000000b4b00000| Untracked 
| 844|0x00000000b4c00000, 0x00000000b4c00000, 0x00000000b4d00000|  0%| F|  |TAMS 0x00000000b4c00000, 0x00000000b4c00000| Untracked 
| 845|0x00000000b4d00000, 0x00000000b4d00000, 0x00000000b4e00000|  0%| F|  |TAMS 0x00000000b4d00000, 0x00000000b4d00000| Untracked 
| 846|0x00000000b4e00000, 0x00000000b4e00000, 0x00000000b4f00000|  0%| F|  |TAMS 0x00000000b4e00000, 0x00000000b4e00000| Untracked 
| 847|0x00000000b4f00000, 0x00000000b4f00000, 0x00000000b5000000|  0%| F|  |TAMS 0x00000000b4f00000, 0x00000000b4f00000| Untracked 
| 848|0x00000000b5000000, 0x00000000b5000000, 0x00000000b5100000|  0%| F|  |TAMS 0x00000000b5000000, 0x00000000b5000000| Untracked 
| 849|0x00000000b5100000, 0x00000000b5100000, 0x00000000b5200000|  0%| F|  |TAMS 0x00000000b5100000, 0x00000000b5100000| Untracked 
| 850|0x00000000b5200000, 0x00000000b5200000, 0x00000000b5300000|  0%| F|  |TAMS 0x00000000b5200000, 0x00000000b5200000| Untracked 
| 851|0x00000000b5300000, 0x00000000b5300000, 0x00000000b5400000|  0%| F|  |TAMS 0x00000000b5300000, 0x00000000b5300000| Untracked 
| 852|0x00000000b5400000, 0x00000000b5400000, 0x00000000b5500000|  0%| F|  |TAMS 0x00000000b5400000, 0x00000000b5400000| Untracked 
| 853|0x00000000b5500000, 0x00000000b5500000, 0x00000000b5600000|  0%| F|  |TAMS 0x00000000b5500000, 0x00000000b5500000| Untracked 
| 854|0x00000000b5600000, 0x00000000b5600000, 0x00000000b5700000|  0%| F|  |TAMS 0x00000000b5600000, 0x00000000b5600000| Untracked 
| 855|0x00000000b5700000, 0x00000000b5700000, 0x00000000b5800000|  0%| F|  |TAMS 0x00000000b5700000, 0x00000000b5700000| Untracked 
| 856|0x00000000b5800000, 0x00000000b5800000, 0x00000000b5900000|  0%| F|  |TAMS 0x00000000b5800000, 0x00000000b5800000| Untracked 
| 857|0x00000000b5900000, 0x00000000b5900000, 0x00000000b5a00000|  0%| F|  |TAMS 0x00000000b5900000, 0x00000000b5900000| Untracked 
| 858|0x00000000b5a00000, 0x00000000b5a00000, 0x00000000b5b00000|  0%| F|  |TAMS 0x00000000b5a00000, 0x00000000b5a00000| Untracked 
| 859|0x00000000b5b00000, 0x00000000b5b00000, 0x00000000b5c00000|  0%| F|  |TAMS 0x00000000b5b00000, 0x00000000b5b00000| Untracked 
| 860|0x00000000b5c00000, 0x00000000b5c00000, 0x00000000b5d00000|  0%| F|  |TAMS 0x00000000b5c00000, 0x00000000b5c00000| Untracked 
| 861|0x00000000b5d00000, 0x00000000b5d00000, 0x00000000b5e00000|  0%| F|  |TAMS 0x00000000b5d00000, 0x00000000b5d00000| Untracked 
| 862|0x00000000b5e00000, 0x00000000b5e00000, 0x00000000b5f00000|  0%| F|  |TAMS 0x00000000b5e00000, 0x00000000b5e00000| Untracked 
| 863|0x00000000b5f00000, 0x00000000b5f00000, 0x00000000b6000000|  0%| F|  |TAMS 0x00000000b5f00000, 0x00000000b5f00000| Untracked 
| 864|0x00000000b6000000, 0x00000000b6000000, 0x00000000b6100000|  0%| F|  |TAMS 0x00000000b6000000, 0x00000000b6000000| Untracked 
| 865|0x00000000b6100000, 0x00000000b6100000, 0x00000000b6200000|  0%| F|  |TAMS 0x00000000b6100000, 0x00000000b6100000| Untracked 
| 866|0x00000000b6200000, 0x00000000b6200000, 0x00000000b6300000|  0%| F|  |TAMS 0x00000000b6200000, 0x00000000b6200000| Untracked 
| 867|0x00000000b6300000, 0x00000000b6300000, 0x00000000b6400000|  0%| F|  |TAMS 0x00000000b6300000, 0x00000000b6300000| Untracked 
| 868|0x00000000b6400000, 0x00000000b6400000, 0x00000000b6500000|  0%| F|  |TAMS 0x00000000b6400000, 0x00000000b6400000| Untracked 
| 869|0x00000000b6500000, 0x00000000b6500000, 0x00000000b6600000|  0%| F|  |TAMS 0x00000000b6500000, 0x00000000b6500000| Untracked 
| 870|0x00000000b6600000, 0x00000000b6600000, 0x00000000b6700000|  0%| F|  |TAMS 0x00000000b6600000, 0x00000000b6600000| Untracked 
| 871|0x00000000b6700000, 0x00000000b6700000, 0x00000000b6800000|  0%| F|  |TAMS 0x00000000b6700000, 0x00000000b6700000| Untracked 
| 872|0x00000000b6800000, 0x00000000b6800000, 0x00000000b6900000|  0%| F|  |TAMS 0x00000000b6800000, 0x00000000b6800000| Untracked 
| 873|0x00000000b6900000, 0x00000000b6900000, 0x00000000b6a00000|  0%| F|  |TAMS 0x00000000b6900000, 0x00000000b6900000| Untracked 
| 874|0x00000000b6a00000, 0x00000000b6a00000, 0x00000000b6b00000|  0%| F|  |TAMS 0x00000000b6a00000, 0x00000000b6a00000| Untracked 
| 875|0x00000000b6b00000, 0x00000000b6b00000, 0x00000000b6c00000|  0%| F|  |TAMS 0x00000000b6b00000, 0x00000000b6b00000| Untracked 
| 876|0x00000000b6c00000, 0x00000000b6c00000, 0x00000000b6d00000|  0%| F|  |TAMS 0x00000000b6c00000, 0x00000000b6c00000| Untracked 
| 877|0x00000000b6d00000, 0x00000000b6d00000, 0x00000000b6e00000|  0%| F|  |TAMS 0x00000000b6d00000, 0x00000000b6d00000| Untracked 
| 878|0x00000000b6e00000, 0x00000000b6e00000, 0x00000000b6f00000|  0%| F|  |TAMS 0x00000000b6e00000, 0x00000000b6e00000| Untracked 
| 879|0x00000000b6f00000, 0x00000000b6f00000, 0x00000000b7000000|  0%| F|  |TAMS 0x00000000b6f00000, 0x00000000b6f00000| Untracked 
| 880|0x00000000b7000000, 0x00000000b7000000, 0x00000000b7100000|  0%| F|  |TAMS 0x00000000b7000000, 0x00000000b7000000| Untracked 
| 881|0x00000000b7100000, 0x00000000b7100000, 0x00000000b7200000|  0%| F|  |TAMS 0x00000000b7100000, 0x00000000b7100000| Untracked 
| 882|0x00000000b7200000, 0x00000000b7200000, 0x00000000b7300000|  0%| F|  |TAMS 0x00000000b7200000, 0x00000000b7200000| Untracked 
| 883|0x00000000b7300000, 0x00000000b7300000, 0x00000000b7400000|  0%| F|  |TAMS 0x00000000b7300000, 0x00000000b7300000| Untracked 
| 884|0x00000000b7400000, 0x00000000b7400000, 0x00000000b7500000|  0%| F|  |TAMS 0x00000000b7400000, 0x00000000b7400000| Untracked 
| 885|0x00000000b7500000, 0x00000000b7500000, 0x00000000b7600000|  0%| F|  |TAMS 0x00000000b7500000, 0x00000000b7500000| Untracked 
| 886|0x00000000b7600000, 0x00000000b7600000, 0x00000000b7700000|  0%| F|  |TAMS 0x00000000b7600000, 0x00000000b7600000| Untracked 
| 887|0x00000000b7700000, 0x00000000b7700000, 0x00000000b7800000|  0%| F|  |TAMS 0x00000000b7700000, 0x00000000b7700000| Untracked 
| 888|0x00000000b7800000, 0x00000000b7800000, 0x00000000b7900000|  0%| F|  |TAMS 0x00000000b7800000, 0x00000000b7800000| Untracked 
| 889|0x00000000b7900000, 0x00000000b7900000, 0x00000000b7a00000|  0%| F|  |TAMS 0x00000000b7900000, 0x00000000b7900000| Untracked 
| 890|0x00000000b7a00000, 0x00000000b7a00000, 0x00000000b7b00000|  0%| F|  |TAMS 0x00000000b7a00000, 0x00000000b7a00000| Untracked 
| 891|0x00000000b7b00000, 0x00000000b7b00000, 0x00000000b7c00000|  0%| F|  |TAMS 0x00000000b7b00000, 0x00000000b7b00000| Untracked 
| 892|0x00000000b7c00000, 0x00000000b7c00000, 0x00000000b7d00000|  0%| F|  |TAMS 0x00000000b7c00000, 0x00000000b7c00000| Untracked 
| 893|0x00000000b7d00000, 0x00000000b7d00000, 0x00000000b7e00000|  0%| F|  |TAMS 0x00000000b7d00000, 0x00000000b7d00000| Untracked 
| 894|0x00000000b7e00000, 0x00000000b7e00000, 0x00000000b7f00000|  0%| F|  |TAMS 0x00000000b7e00000, 0x00000000b7e00000| Untracked 
| 895|0x00000000b7f00000, 0x00000000b7f00000, 0x00000000b8000000|  0%| F|  |TAMS 0x00000000b7f00000, 0x00000000b7f00000| Untracked 
| 896|0x00000000b8000000, 0x00000000b8000000, 0x00000000b8100000|  0%| F|  |TAMS 0x00000000b8000000, 0x00000000b8000000| Untracked 
| 897|0x00000000b8100000, 0x00000000b8100000, 0x00000000b8200000|  0%| F|  |TAMS 0x00000000b8100000, 0x00000000b8100000| Untracked 
| 898|0x00000000b8200000, 0x00000000b8200000, 0x00000000b8300000|  0%| F|  |TAMS 0x00000000b8200000, 0x00000000b8200000| Untracked 
| 899|0x00000000b8300000, 0x00000000b8300000, 0x00000000b8400000|  0%| F|  |TAMS 0x00000000b8300000, 0x00000000b8300000| Untracked 
| 900|0x00000000b8400000, 0x00000000b8400000, 0x00000000b8500000|  0%| F|  |TAMS 0x00000000b8400000, 0x00000000b8400000| Untracked 
| 901|0x00000000b8500000, 0x00000000b8500000, 0x00000000b8600000|  0%| F|  |TAMS 0x00000000b8500000, 0x00000000b8500000| Untracked 
| 902|0x00000000b8600000, 0x00000000b8600000, 0x00000000b8700000|  0%| F|  |TAMS 0x00000000b8600000, 0x00000000b8600000| Untracked 
| 903|0x00000000b8700000, 0x00000000b8700000, 0x00000000b8800000|  0%| F|  |TAMS 0x00000000b8700000, 0x00000000b8700000| Untracked 
| 904|0x00000000b8800000, 0x00000000b8800000, 0x00000000b8900000|  0%| F|  |TAMS 0x00000000b8800000, 0x00000000b8800000| Untracked 
| 905|0x00000000b8900000, 0x00000000b8900000, 0x00000000b8a00000|  0%| F|  |TAMS 0x00000000b8900000, 0x00000000b8900000| Untracked 
| 906|0x00000000b8a00000, 0x00000000b8a00000, 0x00000000b8b00000|  0%| F|  |TAMS 0x00000000b8a00000, 0x00000000b8a00000| Untracked 
| 907|0x00000000b8b00000, 0x00000000b8b00000, 0x00000000b8c00000|  0%| F|  |TAMS 0x00000000b8b00000, 0x00000000b8b00000| Untracked 
| 908|0x00000000b8c00000, 0x00000000b8c00000, 0x00000000b8d00000|  0%| F|  |TAMS 0x00000000b8c00000, 0x00000000b8c00000| Untracked 
| 909|0x00000000b8d00000, 0x00000000b8d00000, 0x00000000b8e00000|  0%| F|  |TAMS 0x00000000b8d00000, 0x00000000b8d00000| Untracked 
| 910|0x00000000b8e00000, 0x00000000b8e00000, 0x00000000b8f00000|  0%| F|  |TAMS 0x00000000b8e00000, 0x00000000b8e00000| Untracked 
| 911|0x00000000b8f00000, 0x00000000b8f00000, 0x00000000b9000000|  0%| F|  |TAMS 0x00000000b8f00000, 0x00000000b8f00000| Untracked 
| 912|0x00000000b9000000, 0x00000000b9000000, 0x00000000b9100000|  0%| F|  |TAMS 0x00000000b9000000, 0x00000000b9000000| Untracked 
| 913|0x00000000b9100000, 0x00000000b9100000, 0x00000000b9200000|  0%| F|  |TAMS 0x00000000b9100000, 0x00000000b9100000| Untracked 
| 914|0x00000000b9200000, 0x00000000b9200000, 0x00000000b9300000|  0%| F|  |TAMS 0x00000000b9200000, 0x00000000b9200000| Untracked 
| 915|0x00000000b9300000, 0x00000000b9300000, 0x00000000b9400000|  0%| F|  |TAMS 0x00000000b9300000, 0x00000000b9300000| Untracked 
| 916|0x00000000b9400000, 0x00000000b9400000, 0x00000000b9500000|  0%| F|  |TAMS 0x00000000b9400000, 0x00000000b9400000| Untracked 
| 917|0x00000000b9500000, 0x00000000b9500000, 0x00000000b9600000|  0%| F|  |TAMS 0x00000000b9500000, 0x00000000b9500000| Untracked 
| 918|0x00000000b9600000, 0x00000000b9600000, 0x00000000b9700000|  0%| F|  |TAMS 0x00000000b9600000, 0x00000000b9600000| Untracked 
| 919|0x00000000b9700000, 0x00000000b9700000, 0x00000000b9800000|  0%| F|  |TAMS 0x00000000b9700000, 0x00000000b9700000| Untracked 
| 920|0x00000000b9800000, 0x00000000b9800000, 0x00000000b9900000|  0%| F|  |TAMS 0x00000000b9800000, 0x00000000b9800000| Untracked 
| 921|0x00000000b9900000, 0x00000000b9900000, 0x00000000b9a00000|  0%| F|  |TAMS 0x00000000b9900000, 0x00000000b9900000| Untracked 
| 922|0x00000000b9a00000, 0x00000000b9a00000, 0x00000000b9b00000|  0%| F|  |TAMS 0x00000000b9a00000, 0x00000000b9a00000| Untracked 
| 923|0x00000000b9b00000, 0x00000000b9b00000, 0x00000000b9c00000|  0%| F|  |TAMS 0x00000000b9b00000, 0x00000000b9b00000| Untracked 
| 924|0x00000000b9c00000, 0x00000000b9c00000, 0x00000000b9d00000|  0%| F|  |TAMS 0x00000000b9c00000, 0x00000000b9c00000| Untracked 
| 925|0x00000000b9d00000, 0x00000000b9d00000, 0x00000000b9e00000|  0%| F|  |TAMS 0x00000000b9d00000, 0x00000000b9d00000| Untracked 
| 926|0x00000000b9e00000, 0x00000000b9e00000, 0x00000000b9f00000|  0%| F|  |TAMS 0x00000000b9e00000, 0x00000000b9e00000| Untracked 
| 927|0x00000000b9f00000, 0x00000000b9f00000, 0x00000000ba000000|  0%| F|  |TAMS 0x00000000b9f00000, 0x00000000b9f00000| Untracked 
| 928|0x00000000ba000000, 0x00000000ba000000, 0x00000000ba100000|  0%| F|  |TAMS 0x00000000ba000000, 0x00000000ba000000| Untracked 
| 929|0x00000000ba100000, 0x00000000ba100000, 0x00000000ba200000|  0%| F|  |TAMS 0x00000000ba100000, 0x00000000ba100000| Untracked 
| 930|0x00000000ba200000, 0x00000000ba200000, 0x00000000ba300000|  0%| F|  |TAMS 0x00000000ba200000, 0x00000000ba200000| Untracked 
| 931|0x00000000ba300000, 0x00000000ba300000, 0x00000000ba400000|  0%| F|  |TAMS 0x00000000ba300000, 0x00000000ba300000| Untracked 
| 932|0x00000000ba400000, 0x00000000ba400000, 0x00000000ba500000|  0%| F|  |TAMS 0x00000000ba400000, 0x00000000ba400000| Untracked 
| 933|0x00000000ba500000, 0x00000000ba500000, 0x00000000ba600000|  0%| F|  |TAMS 0x00000000ba500000, 0x00000000ba500000| Untracked 
| 934|0x00000000ba600000, 0x00000000ba600000, 0x00000000ba700000|  0%| F|  |TAMS 0x00000000ba600000, 0x00000000ba600000| Untracked 
| 935|0x00000000ba700000, 0x00000000ba700000, 0x00000000ba800000|  0%| F|  |TAMS 0x00000000ba700000, 0x00000000ba700000| Untracked 
| 936|0x00000000ba800000, 0x00000000ba800000, 0x00000000ba900000|  0%| F|  |TAMS 0x00000000ba800000, 0x00000000ba800000| Untracked 
| 937|0x00000000ba900000, 0x00000000ba900000, 0x00000000baa00000|  0%| F|  |TAMS 0x00000000ba900000, 0x00000000ba900000| Untracked 
|1223|0x00000000cc700000, 0x00000000cc700000, 0x00000000cc800000|  0%| F|  |TAMS 0x00000000cc700000, 0x00000000cc700000| Untracked 
|1224|0x00000000cc800000, 0x00000000cc800000, 0x00000000cc900000|  0%| F|  |TAMS 0x00000000cc800000, 0x00000000cc800000| Untracked 
|1225|0x00000000cc900000, 0x00000000cc900000, 0x00000000cca00000|  0%| F|  |TAMS 0x00000000cc900000, 0x00000000cc900000| Untracked 

Card table byte_map: [0x00000292fb2a0000,0x00000292fb6a0000] _byte_map_base: 0x00000292faea0000

Marking Bits (Prev, Next): (CMBitMap*) 0x00000292e3dc4020, (CMBitMap*) 0x00000292e3dc3fe0
 Prev Bits: [0x00000292fdaa0000, 0x00000292ffaa0000)
 Next Bits: [0x00000292fbaa0000, 0x00000292fdaa0000)

Polling page: 0x00000292e1d00000

Metaspace:

Usage:
  Non-class:    155.56 MB used.
      Class:     22.53 MB used.
       Both:    178.09 MB used.

Virtual space:
  Non-class space:      192.00 MB reserved,     157.38 MB ( 82%) committed,  3 nodes.
      Class space:        1.00 GB reserved,      24.25 MB (  2%) committed,  1 nodes.
             Both:        1.19 GB reserved,     181.62 MB ( 15%) committed. 

Chunk freelists:
   Non-Class:  18.36 MB
       Class:  8.32 MB
        Both:  26.68 MB

MaxMetaspaceSize: unlimited
CompressedClassSpaceSize: 1.00 GB
Initial GC threshold: 21.00 MB
Current GC threshold: 307.75 MB
CDS: on
MetaspaceReclaimPolicy: balanced
 - commit_granule_bytes: 65536.
 - commit_granule_words: 8192.
 - virtual_space_node_default_size: 8388608.
 - enlarge_chunks_in_place: 1.
 - new_chunks_are_fully_committed: 0.
 - uncommit_free_chunks: 1.
 - use_allocation_guard: 0.
 - handle_deallocations: 1.


Internal statistics:

num_allocs_failed_limit: 9.
num_arena_births: 6304.
num_arena_deaths: 1812.
num_vsnodes_births: 4.
num_vsnodes_deaths: 0.
num_space_committed: 3166.
num_space_uncommitted: 262.
num_chunks_returned_to_freelist: 3772.
num_chunks_taken_from_freelist: 17378.
num_chunk_merges: 1220.
num_chunk_splits: 9672.
num_chunks_enlarged: 4957.
num_inconsistent_stats: 0.

CodeHeap 'non-profiled nmethods': size=119168Kb used=50338Kb max_used=53237Kb free=68829Kb
 bounds [0x00000292f31c0000, 0x00000292f65c0000, 0x00000292fa620000]
CodeHeap 'profiled nmethods': size=119104Kb used=86941Kb max_used=86941Kb free=32162Kb
 bounds [0x00000292eb620000, 0x00000292f0b20000, 0x00000292f2a70000]
CodeHeap 'non-nmethods': size=7488Kb used=4296Kb max_used=4401Kb free=3191Kb
 bounds [0x00000292f2a70000, 0x00000292f2f20000, 0x00000292f31c0000]
 total_blobs=46147 nmethods=45003 adapters=1051
 compilation: enabled
              stopped_count=0, restarted_count=0
 full_count=0

Compilation events (20 events):
Event: 19258.591 Thread 0x00000292d05ee060 nmethod 62515 0x00000292f0961890 code [0x00000292f0961aa0, 0x00000292f0961e78]
Event: 19258.592 Thread 0x00000292d05eb090 62517       3       com.android.tools.r8.internal.Im::<init> (5 bytes)
Event: 19258.592 Thread 0x00000292d05eb090 nmethod 62517 0x00000292f0961390 code [0x00000292f0961540, 0x00000292f0961778]
Event: 19258.594 Thread 0x00000292d05eb5e0 nmethod 62510 0x00000292f095e310 code [0x00000292f095e700, 0x00000292f09608e8]
Event: 19258.594 Thread 0x00000292d05eb090 62518       2       com.android.tools.r8.utils.p0::a (6 bytes)
Event: 19258.595 Thread 0x00000292d05eb090 nmethod 62518 0x00000292f095de90 code [0x00000292f095e040, 0x00000292f095e1c8]
Event: 19258.622 Thread 0x00000292d05eb090 62519       1       com.android.tools.r8.internal.H1::k1 (2 bytes)
Event: 19258.623 Thread 0x000002928295bf50 62520       2       com.android.tools.r8.dex.code.S0::<init> (72 bytes)
Event: 19258.623 Thread 0x00000292d05eb090 nmethod 62519 0x00000292f6262210 code [0x00000292f62623a0, 0x00000292f6262478]
Event: 19258.623 Thread 0x000002928295bf50 nmethod 62520 0x00000292f095db10 code [0x00000292f095dca0, 0x00000292f095ddb8]
Event: 19258.626 Thread 0x000002928295bf50 62521       2       com.android.tools.r8.internal.dt::a (126 bytes)
Event: 19258.627 Thread 0x000002928295bf50 nmethod 62521 0x00000292f095d210 code [0x00000292f095d400, 0x00000292f095d828]
Event: 19258.627 Thread 0x00000292d05eb090 62522       1       com.android.tools.r8.graph.m::x (5 bytes)
Event: 19258.628 Thread 0x00000292d05eb090 nmethod 62522 0x00000292f6261e10 code [0x00000292f6261fa0, 0x00000292f6262078]
Event: 19258.628 Thread 0x00000292d05ee060 62523       2       com.android.tools.r8.internal.bm::a (24 bytes)
Event: 19258.628 Thread 0x000002928295bf50 62524       2       com.android.tools.r8.internal.B4::add (16 bytes)
Event: 19258.629 Thread 0x000002928295bf50 nmethod 62524 0x00000292f095ce10 code [0x00000292f095cfc0, 0x00000292f095d128]
Event: 19258.629 Thread 0x00000292d05ee060 nmethod 62523 0x00000292f095c790 code [0x00000292f095c940, 0x00000292f095ccb8]
Event: 19258.631 Thread 0x000002928295bf50 62526       2       com.android.tools.r8.internal.SX::c (75 bytes)
Event: 19258.633 Thread 0x000002928295bf50 nmethod 62526 0x00000292f095c210 code [0x00000292f095c3c0, 0x00000292f095c5d8]

GC Heap History (20 events):
Event: 19087.907 GC heap after
{Heap after GC invocations=323 (full 0):
 garbage-first heap   total 683008K, used 199961K [0x0000000080000000, 0x0000000100000000)
  region size 1024K, 14 young (14336K), 14 survivors (14336K)
 Metaspace       used 182775K, committed 185792K, reserved 1245184K
  class space    used 22995K, committed 24832K, reserved 1048576K
}
Event: 19088.400 GC heap before
{Heap before GC invocations=323 (full 0):
 garbage-first heap   total 683008K, used 218393K [0x0000000080000000, 0x0000000100000000)
  region size 1024K, 33 young (33792K), 14 survivors (14336K)
 Metaspace       used 185329K, committed 188096K, reserved 1245184K
  class space    used 23285K, committed 24832K, reserved 1048576K
}
Event: 19088.452 GC heap after
{Heap after GC invocations=324 (full 0):
 garbage-first heap   total 683008K, used 196146K [0x0000000080000000, 0x0000000100000000)
  region size 1024K, 3 young (3072K), 3 survivors (3072K)
 Metaspace       used 185329K, committed 188096K, reserved 1245184K
  class space    used 23285K, committed 24832K, reserved 1048576K
}
Event: 19249.122 GC heap before
{Heap before GC invocations=324 (full 0):
 garbage-first heap   total 683008K, used 444978K [0x0000000080000000, 0x0000000100000000)
  region size 1024K, 248 young (253952K), 3 survivors (3072K)
 Metaspace       used 191215K, committed 193728K, reserved 1245184K
  class space    used 24057K, committed 25280K, reserved 1048576K
}
Event: 19249.185 GC heap after
{Heap after GC invocations=325 (full 0):
 garbage-first heap   total 683008K, used 222427K [0x0000000080000000, 0x0000000100000000)
  region size 1024K, 29 young (29696K), 29 survivors (29696K)
 Metaspace       used 191215K, committed 193728K, reserved 1245184K
  class space    used 24057K, committed 25280K, reserved 1048576K
}
Event: 19255.743 GC heap before
{Heap before GC invocations=326 (full 0):
 garbage-first heap   total 683008K, used 576731K [0x0000000080000000, 0x0000000100000000)
  region size 1024K, 342 young (350208K), 29 survivors (29696K)
 Metaspace       used 180781K, committed 185984K, reserved 1245184K
  class space    used 22839K, committed 24832K, reserved 1048576K
}
Event: 19255.783 GC heap after
{Heap after GC invocations=327 (full 0):
 garbage-first heap   total 683008K, used 227554K [0x0000000080000000, 0x0000000100000000)
  region size 1024K, 16 young (16384K), 16 survivors (16384K)
 Metaspace       used 180781K, committed 185984K, reserved 1245184K
  class space    used 22839K, committed 24832K, reserved 1048576K
}
Event: 19255.834 GC heap before
{Heap before GC invocations=327 (full 0):
 garbage-first heap   total 683008K, used 243938K [0x0000000080000000, 0x0000000100000000)
  region size 1024K, 33 young (33792K), 16 survivors (16384K)
 Metaspace       used 180854K, committed 185984K, reserved 1245184K
  class space    used 22844K, committed 24832K, reserved 1048576K
}
Event: 19255.860 GC heap after
{Heap after GC invocations=328 (full 0):
 garbage-first heap   total 683008K, used 224463K [0x0000000080000000, 0x0000000100000000)
  region size 1024K, 5 young (5120K), 5 survivors (5120K)
 Metaspace       used 180854K, committed 185984K, reserved 1245184K
  class space    used 22844K, committed 24832K, reserved 1048576K
}
Event: 19256.635 GC heap before
{Heap before GC invocations=328 (full 0):
 garbage-first heap   total 683008K, used 549071K [0x0000000080000000, 0x0000000100000000)
  region size 1024K, 322 young (329728K), 5 survivors (5120K)
 Metaspace       used 181876K, committed 185984K, reserved 1245184K
  class space    used 23029K, committed 24832K, reserved 1048576K
}
Event: 19256.693 GC heap after
{Heap after GC invocations=329 (full 0):
 garbage-first heap   total 683008K, used 269807K [0x0000000080000000, 0x0000000100000000)
  region size 1024K, 41 young (41984K), 41 survivors (41984K)
 Metaspace       used 181876K, committed 185984K, reserved 1245184K
  class space    used 23029K, committed 24832K, reserved 1048576K
}
Event: 19257.377 GC heap before
{Heap before GC invocations=330 (full 0):
 garbage-first heap   total 683008K, used 539119K [0x0000000080000000, 0x0000000100000000)
  region size 1024K, 305 young (312320K), 41 survivors (41984K)
 Metaspace       used 182171K, committed 185984K, reserved 1245184K
  class space    used 23058K, committed 24832K, reserved 1048576K
}
Event: 19257.427 GC heap after
{Heap after GC invocations=331 (full 0):
 garbage-first heap   total 683008K, used 281503K [0x0000000080000000, 0x0000000100000000)
  region size 1024K, 14 young (14336K), 14 survivors (14336K)
 Metaspace       used 182171K, committed 185984K, reserved 1245184K
  class space    used 23058K, committed 24832K, reserved 1048576K
}
Event: 19257.457 GC heap before
{Heap before GC invocations=331 (full 0):
 garbage-first heap   total 683008K, used 299935K [0x0000000080000000, 0x0000000100000000)
  region size 1024K, 33 young (33792K), 14 survivors (14336K)
 Metaspace       used 182183K, committed 185984K, reserved 1245184K
  class space    used 23058K, committed 24832K, reserved 1048576K
}
Event: 19257.485 GC heap after
{Heap after GC invocations=332 (full 0):
 garbage-first heap   total 683008K, used 276480K [0x0000000080000000, 0x0000000100000000)
  region size 1024K, 3 young (3072K), 3 survivors (3072K)
 Metaspace       used 182183K, committed 185984K, reserved 1245184K
  class space    used 23058K, committed 24832K, reserved 1048576K
}
Event: 19257.842 GC heap before
{Heap before GC invocations=332 (full 0):
 garbage-first heap   total 683008K, used 550912K [0x0000000080000000, 0x0000000100000000)
  region size 1024K, 271 young (277504K), 3 survivors (3072K)
 Metaspace       used 182288K, committed 185984K, reserved 1245184K
  class space    used 23068K, committed 24832K, reserved 1048576K
}
Event: 19257.855 GC heap after
{Heap after GC invocations=333 (full 0):
 garbage-first heap   total 683008K, used 282982K [0x0000000080000000, 0x0000000100000000)
  region size 1024K, 10 young (10240K), 10 survivors (10240K)
 Metaspace       used 182288K, committed 185984K, reserved 1245184K
  class space    used 23068K, committed 24832K, reserved 1048576K
}
Event: 19258.596 GC heap before
{Heap before GC invocations=334 (full 0):
 garbage-first heap   total 713728K, used 558438K [0x0000000080000000, 0x0000000100000000)
  region size 1024K, 279 young (285696K), 10 survivors (10240K)
 Metaspace       used 182349K, committed 185984K, reserved 1245184K
  class space    used 23067K, committed 24832K, reserved 1048576K
}
Event: 19258.611 GC heap after
{Heap after GC invocations=335 (full 0):
 garbage-first heap   total 713728K, used 286720K [0x0000000080000000, 0x0000000100000000)
  region size 1024K, 13 young (13312K), 13 survivors (13312K)
 Metaspace       used 182349K, committed 185984K, reserved 1245184K
  class space    used 23067K, committed 24832K, reserved 1048576K
}
Event: 19258.640 GC heap before
{Heap before GC invocations=335 (full 0):
 garbage-first heap   total 713728K, used 308224K [0x0000000080000000, 0x0000000100000000)
  region size 1024K, 34 young (34816K), 13 survivors (13312K)
 Metaspace       used 182365K, committed 185984K, reserved 1245184K
  class space    used 23071K, committed 24832K, reserved 1048576K
}

Deoptimization events (20 events):
Event: 19258.510 Thread 0x00000292cead63e0 DEOPT PACKING pc=0x00000292f0938583 sp=0x000000d46b8fb3c0
Event: 19258.510 Thread 0x00000292cead63e0 DEOPT UNPACKING pc=0x00000292f2ac2b43 sp=0x000000d46b8fab00 mode 0
Event: 19258.511 Thread 0x00000292cead8750 Uncommon trap: trap_request=0xffffff45 fr.pc=0x00000292f52c2584 relative=0x0000000000004e24
Event: 19258.511 Thread 0x00000292cead8750 Uncommon trap: reason=unstable_if action=reinterpret pc=0x00000292f52c2584 method=com.android.tools.r8.internal.hl.l()Z @ 10 c2
Event: 19258.511 Thread 0x00000292cead8750 DEOPT PACKING pc=0x00000292f52c2584 sp=0x000000d46bbfb2a0
Event: 19258.511 Thread 0x00000292cead8750 DEOPT UNPACKING pc=0x00000292f2ac23a3 sp=0x000000d46bbfb230 mode 2
Event: 19258.526 Thread 0x00000292cead54b0 DEOPT PACKING pc=0x00000292f09d6989 sp=0x000000d46befb1b0
Event: 19258.526 Thread 0x00000292cead54b0 DEOPT UNPACKING pc=0x00000292f2ac2b43 sp=0x000000d46befa728 mode 0
Event: 19258.530 Thread 0x00000292d0a3c6f0 Uncommon trap: trap_request=0xffffff45 fr.pc=0x00000292f6292774 relative=0x0000000000000174
Event: 19258.530 Thread 0x00000292d0a3c6f0 Uncommon trap: reason=unstable_if action=reinterpret pc=0x00000292f6292774 method=com.android.tools.r8.internal.pr.p(I)V @ 13 c2
Event: 19258.530 Thread 0x00000292d0a3c6f0 DEOPT PACKING pc=0x00000292f6292774 sp=0x000000d46c3fb2d0
Event: 19258.530 Thread 0x00000292d0a3c6f0 DEOPT UNPACKING pc=0x00000292f2ac23a3 sp=0x000000d46c3fb228 mode 2
Event: 19258.558 Thread 0x00000292cead68f0 DEOPT PACKING pc=0x00000292ee81d2c6 sp=0x000000d46c0fb250
Event: 19258.558 Thread 0x00000292cead68f0 DEOPT UNPACKING pc=0x00000292f2ac2b43 sp=0x000000d46c0fa6f0 mode 0
Event: 19258.565 Thread 0x00000292cead68f0 DEOPT PACKING pc=0x00000292ef0fb99b sp=0x000000d46c0faec0
Event: 19258.565 Thread 0x00000292cead68f0 DEOPT UNPACKING pc=0x00000292f2ac2b43 sp=0x000000d46c0fa4a8 mode 0
Event: 19258.614 Thread 0x00000292d0a3c6f0 DEOPT PACKING pc=0x00000292ee39c405 sp=0x000000d46c3faf10
Event: 19258.614 Thread 0x00000292d0a3c6f0 DEOPT UNPACKING pc=0x00000292f2ac2b43 sp=0x000000d46c3fa428 mode 0
Event: 19258.617 Thread 0x00000292cead8750 DEOPT PACKING pc=0x00000292f09d6989 sp=0x000000d46bbfaeb0
Event: 19258.617 Thread 0x00000292cead8750 DEOPT UNPACKING pc=0x00000292f2ac2b43 sp=0x000000d46bbfa428 mode 0

Classes unloaded (20 events):
Event: 19249.416 Thread 0x000002928292df90 Unloading class 0x0000029284d08bf0 'org/gradle/tooling/internal/consumer/versioning/VersionDetails'
Event: 19249.416 Thread 0x000002928292df90 Unloading class 0x0000029284d089f8 'org/gradle/tooling/BuildAction'
Event: 19249.416 Thread 0x000002928292df90 Unloading class 0x0000029284d08800 'org/gradle/tooling/BuildController'
Event: 19249.416 Thread 0x000002928292df90 Unloading class 0x0000029284d09c80 'org/gradle/tooling/internal/adapter/TargetTypeProvider'
Event: 19249.416 Thread 0x000002928292df90 Unloading class 0x0000029284d09a38 'org/gradle/tooling/internal/consumer/connection/InternalBuildActionAdapter'
Event: 19249.416 Thread 0x000002928292df90 Unloading class 0x0000029284d09800 'org/gradle/tooling/internal/consumer/connection/InternalPhasedActionAdapter'
Event: 19256.953 Thread 0x000002928292df90 Unloading class 0x000002928588cc00 'java/lang/invoke/LambdaForm$DMH+0x000002928588cc00'
Event: 19256.953 Thread 0x000002928292df90 Unloading class 0x000002928588c800 'java/lang/invoke/LambdaForm$DMH+0x000002928588c800'
Event: 19256.953 Thread 0x000002928292df90 Unloading class 0x0000029285892400 'java/lang/invoke/LambdaForm$DMH+0x0000029285892400'
Event: 19258.228 Thread 0x000002928292df90 Unloading class 0x0000029284bf1400 'java/lang/invoke/LambdaForm$DMH+0x0000029284bf1400'
Event: 19258.228 Thread 0x000002928292df90 Unloading class 0x0000029284bf1000 'java/lang/invoke/LambdaForm$DMH+0x0000029284bf1000'
Event: 19258.228 Thread 0x000002928292df90 Unloading class 0x0000029284bf0800 'java/lang/invoke/LambdaForm$DMH+0x0000029284bf0800'
Event: 19258.228 Thread 0x000002928292df90 Unloading class 0x0000029284c91400 'java/lang/invoke/LambdaForm$DMH+0x0000029284c91400'
Event: 19258.228 Thread 0x000002928292df90 Unloading class 0x0000029284c92400 'java/lang/invoke/LambdaForm$DMH+0x0000029284c92400'
Event: 19258.228 Thread 0x000002928292df90 Unloading class 0x0000029284c92000 'java/lang/invoke/LambdaForm$DMH+0x0000029284c92000'
Event: 19258.228 Thread 0x000002928292df90 Unloading class 0x0000029284c93800 'java/lang/invoke/LambdaForm$DMH+0x0000029284c93800'
Event: 19258.228 Thread 0x000002928292df90 Unloading class 0x0000029284c93c00 'java/lang/invoke/LambdaForm$DMH+0x0000029284c93c00'
Event: 19258.228 Thread 0x000002928292df90 Unloading class 0x0000029284d16000 'java/lang/invoke/LambdaForm$DMH+0x0000029284d16000'
Event: 19258.228 Thread 0x000002928292df90 Unloading class 0x0000029284d4cc00 'java/lang/invoke/LambdaForm$DMH+0x0000029284d4cc00'
Event: 19258.228 Thread 0x000002928292df90 Unloading class 0x0000029284d16400 'java/lang/invoke/LambdaForm$DMH+0x0000029284d16400'

Classes redefined (0 events):
No events

Internal exceptions (20 events):
Event: 19256.037 Thread 0x00000292cead7820 Exception <a 'java/lang/NoSuchMethodError'{0x00000000a4617360}: 'java.lang.Object java.lang.invoke.DirectMethodHandle$Holder.invokeSpecial(java.lang.Object, java.lang.Object, int, java.lang.Object, java.lang.Object, java.lang.Object)'> (0x00000000a4617360) 
thrown [s\open\src\hotspot\share\interpreter\linkResolver.cpp, line 759]
Event: 19256.037 Thread 0x00000292cead59c0 Exception <a 'java/lang/NoSuchMethodError'{0x00000000a4189ac8}: 'java.lang.Object java.lang.invoke.DirectMethodHandle$Holder.invokeSpecial(java.lang.Object, java.lang.Object, int, java.lang.Object, java.lang.Object, java.lang.Object)'> (0x00000000a4189ac8) 
thrown [s\open\src\hotspot\share\interpreter\linkResolver.cpp, line 759]
Event: 19256.037 Thread 0x00000292cead6e00 Exception <a 'java/lang/NoSuchMethodError'{0x00000000a40d2300}: 'java.lang.Object java.lang.invoke.DirectMethodHandle$Holder.invokeSpecial(java.lang.Object, java.lang.Object, int, java.lang.Object, java.lang.Object, java.lang.Object)'> (0x00000000a40d2300) 
thrown [s\open\src\hotspot\share\interpreter\linkResolver.cpp, line 759]
Event: 19256.037 Thread 0x00000292cead5ed0 Exception <a 'java/lang/NoSuchMethodError'{0x00000000a40baaf0}: 'java.lang.Object java.lang.invoke.DirectMethodHandle$Holder.invokeSpecial(java.lang.Object, java.lang.Object, int, java.lang.Object, java.lang.Object, java.lang.Object)'> (0x00000000a40baaf0) 
thrown [s\open\src\hotspot\share\interpreter\linkResolver.cpp, line 759]
Event: 19256.138 Thread 0x00000292cead6e00 Exception <a 'java/lang/NoSuchMethodError'{0x00000000a17f9e58}: 'void java.lang.invoke.DirectMethodHandle$Holder.invokeStatic(java.lang.Object, java.lang.Object, java.lang.Object, java.lang.Object, java.lang.Object, java.lang.Object, java.lang.Object, java.lang.Object, java.lang.Object, java.lang.Object)'> (0x00000000a17f9e58) 
thrown [s\open\src\hotspot\share\interpreter\linkResolver.cpp, line 759]
Event: 19256.138 Thread 0x00000292cead7820 Exception <a 'java/lang/NoSuchMethodError'{0x00000000a2563958}: 'void java.lang.invoke.DirectMethodHandle$Holder.invokeStatic(java.lang.Object, java.lang.Object, java.lang.Object, java.lang.Object, java.lang.Object, java.lang.Object, java.lang.Object, java.lang.Object, java.lang.Object, java.lang.Object)'> (0x00000000a2563958) 
thrown [s\open\src\hotspot\share\interpreter\linkResolver.cpp, line 759]
Event: 19256.138 Thread 0x00000292cead5ed0 Exception <a 'java/lang/NoSuchMethodError'{0x00000000a26cab70}: 'void java.lang.invoke.DirectMethodHandle$Holder.invokeStatic(java.lang.Object, java.lang.Object, java.lang.Object, java.lang.Object, java.lang.Object, java.lang.Object, java.lang.Object, java.lang.Object, java.lang.Object, java.lang.Object)'> (0x00000000a26cab70) 
thrown [s\open\src\hotspot\share\interpreter\linkResolver.cpp, line 759]
Event: 19256.138 Thread 0x00000292cead4fa0 Exception <a 'java/lang/NoSuchMethodError'{0x00000000a2415708}: 'void java.lang.invoke.DirectMethodHandle$Holder.invokeStatic(java.lang.Object, java.lang.Object, java.lang.Object, java.lang.Object, java.lang.Object, java.lang.Object, java.lang.Object, java.lang.Object, java.lang.Object, java.lang.Object)'> (0x00000000a2415708) 
thrown [s\open\src\hotspot\share\interpreter\linkResolver.cpp, line 759]
Event: 19256.138 Thread 0x00000292cead54b0 Exception <a 'java/lang/NoSuchMethodError'{0x00000000a1fc2b98}: 'void java.lang.invoke.DirectMethodHandle$Holder.invokeStatic(java.lang.Object, java.lang.Object, java.lang.Object, java.lang.Object, java.lang.Object, java.lang.Object, java.lang.Object, java.lang.Object, java.lang.Object, java.lang.Object)'> (0x00000000a1fc2b98) 
thrown [s\open\src\hotspot\share\interpreter\linkResolver.cpp, line 759]
Event: 19256.138 Thread 0x00000292cead59c0 Exception <a 'java/lang/NoSuchMethodError'{0x00000000a1859848}: 'void java.lang.invoke.DirectMethodHandle$Holder.invokeStatic(java.lang.Object, java.lang.Object, java.lang.Object, java.lang.Object, java.lang.Object, java.lang.Object, java.lang.Object, java.lang.Object, java.lang.Object, java.lang.Object)'> (0x00000000a1859848) 
thrown [s\open\src\hotspot\share\interpreter\linkResolver.cpp, line 759]
Event: 19256.249 Thread 0x00000292cead6e00 Implicit null exception at 0x00000292f52a0f87 to 0x00000292f52a133c
Event: 19256.922 Thread 0x00000292cead54b0 Implicit null exception at 0x00000292f4850175 to 0x00000292f48504b0
Event: 19256.935 Thread 0x00000292cead59c0 Exception <a 'sun/nio/fs/WindowsException'{0x00000000a56f67d8}> (0x00000000a56f67d8) 
thrown [s\open\src\hotspot\share\prims\jni.cpp, line 516]
Event: 19257.315 Thread 0x00000292cead7820 Exception <a 'sun/nio/fs/WindowsException'{0x000000009c4d0468}> (0x000000009c4d0468) 
thrown [s\open\src\hotspot\share\prims\jni.cpp, line 516]
Event: 19257.509 Thread 0x00000292d0a3bcd0 Exception <a 'sun/nio/fs/WindowsException'{0x00000000a81fbd38}> (0x00000000a81fbd38) 
thrown [s\open\src\hotspot\share\prims\jni.cpp, line 516]
Event: 19257.618 Thread 0x00000292cead5ed0 Exception <a 'sun/nio/fs/WindowsException'{0x00000000a35b5140}> (0x00000000a35b5140) 
thrown [s\open\src\hotspot\share\prims\jni.cpp, line 516]
Event: 19257.699 Thread 0x00000292cead5ed0 Exception <a 'sun/nio/fs/WindowsException'{0x000000009f8b1540}> (0x000000009f8b1540) 
thrown [s\open\src\hotspot\share\prims\jni.cpp, line 516]
Event: 19258.109 Thread 0x00000292cead6e00 Exception <a 'sun/nio/fs/WindowsException'{0x00000000a3fde4e8}> (0x00000000a3fde4e8) 
thrown [s\open\src\hotspot\share\prims\jni.cpp, line 516]
Event: 19258.392 Thread 0x00000292cead6e00 Exception <a 'sun/nio/fs/WindowsException'{0x00000000aa036200}> (0x00000000aa036200) 
thrown [s\open\src\hotspot\share\prims\jni.cpp, line 516]
Event: 19258.579 Thread 0x00000292cead8750 Exception <a 'java/lang/NoSuchMethodError'{0x000000009bc96440}: 'int java.lang.invoke.DirectMethodHandle$Holder.invokeInterface(java.lang.Object, java.lang.Object, int)'> (0x000000009bc96440) 
thrown [s\open\src\hotspot\share\interpreter\linkResolver.cpp, line 759]

VM Operations (20 events):
Event: 19257.068 Executing VM operation: G1Concurrent done
Event: 19257.208 Executing VM operation: G1Concurrent
Event: 19257.209 Executing VM operation: G1Concurrent done
Event: 19257.377 Executing VM operation: G1CollectForAllocation
Event: 19257.429 Executing VM operation: G1CollectForAllocation done
Event: 19257.456 Executing VM operation: G1CollectForAllocation
Event: 19257.485 Executing VM operation: G1CollectForAllocation done
Event: 19257.488 Executing VM operation: HandshakeAllThreads
Event: 19257.489 Executing VM operation: HandshakeAllThreads done
Event: 19257.798 Executing VM operation: HandshakeAllThreads
Event: 19257.799 Executing VM operation: HandshakeAllThreads done
Event: 19257.841 Executing VM operation: G1CollectForAllocation
Event: 19257.855 Executing VM operation: G1CollectForAllocation done
Event: 19258.225 Executing VM operation: G1Concurrent
Event: 19258.328 Executing VM operation: G1Concurrent done
Event: 19258.548 Executing VM operation: G1Concurrent
Event: 19258.550 Executing VM operation: G1Concurrent done
Event: 19258.596 Executing VM operation: G1CollectForAllocation
Event: 19258.611 Executing VM operation: G1CollectForAllocation done
Event: 19258.640 Executing VM operation: G1CollectForAllocation

Events (20 events):
Event: 19257.881 Thread 0x000002928295c860 flushing nmethod 0x00000292f639d210
Event: 19257.881 Thread 0x000002928295c860 flushing nmethod 0x00000292f63f6c10
Event: 19257.887 Thread 0x000002928295c860 flushing nmethod 0x00000292eb79fb90
Event: 19257.950 Thread 0x000002928295c860 flushing nmethod 0x00000292ed427c10
Event: 19257.960 Thread 0x000002928295c860 flushing nmethod 0x00000292ed731610
Event: 19257.964 Thread 0x000002928295c860 flushing nmethod 0x00000292ed97a010
Event: 19257.988 Thread 0x000002928295c860 flushing nmethod 0x00000292ee3b6e10
Event: 19257.989 Thread 0x000002928295c860 flushing nmethod 0x00000292ee3d7010
Event: 19257.989 Thread 0x000002928295c860 flushing nmethod 0x00000292ee40a890
Event: 19258.003 Thread 0x000002928295c860 flushing nmethod 0x00000292ee91b290
Event: 19258.016 Thread 0x000002928295c860 flushing nmethod 0x00000292eee30b10
Event: 19258.023 Thread 0x000002928295c860 flushing nmethod 0x00000292ef0d1410
Event: 19258.029 Thread 0x000002928295c860 flushing nmethod 0x00000292ef2bed10
Event: 19258.046 Thread 0x000002928295c860 flushing nmethod 0x00000292ef92e210
Event: 19258.047 Thread 0x000002928295c860 flushing nmethod 0x00000292ef9b4a90
Event: 19258.047 Thread 0x000002928295c860 flushing nmethod 0x00000292ef9bf090
Event: 19258.055 Thread 0x000002928295c860 flushing nmethod 0x00000292efcfcb90
Event: 19258.066 Thread 0x000002928295c860 flushing nmethod 0x00000292f01b4690
Event: 19258.075 Thread 0x000002928295c860 flushing nmethod 0x00000292f064ff10
Event: 19258.082 Thread 0x000002928295c860 flushing nmethod 0x00000292f0954390


Dynamic libraries:
0x00007ff6e3c70000 - 0x00007ff6e3c80000 	C:\Program Files\Java\jdk-17\bin\java.exe
0x00007ff9dbb00000 - 0x00007ff9dbd68000 	C:\WINDOWS\SYSTEM32\ntdll.dll
0x00007ff9da6a0000 - 0x00007ff9da769000 	C:\WINDOWS\System32\KERNEL32.DLL
0x00007ff9d8590000 - 0x00007ff9d8981000 	C:\WINDOWS\System32\KERNELBASE.dll
0x00007ff9d8990000 - 0x00007ff9d8adb000 	C:\WINDOWS\System32\ucrtbase.dll
0x00007ff9978f0000 - 0x00007ff997909000 	C:\Program Files\Java\jdk-17\bin\jli.dll
0x00007ff997290000 - 0x00007ff9972ab000 	C:\Program Files\Java\jdk-17\bin\VCRUNTIME140.dll
0x00007ff9da900000 - 0x00007ff9da9b4000 	C:\WINDOWS\System32\ADVAPI32.dll
0x00007ff9d9a80000 - 0x00007ff9d9b29000 	C:\WINDOWS\System32\msvcrt.dll
0x00007ff9dba00000 - 0x00007ff9dbaa6000 	C:\WINDOWS\System32\sechost.dll
0x00007ff9db530000 - 0x00007ff9db648000 	C:\WINDOWS\System32\RPCRT4.dll
0x00007ff9da9c0000 - 0x00007ff9dab86000 	C:\WINDOWS\System32\USER32.dll
0x00007ff9d83e0000 - 0x00007ff9d8407000 	C:\WINDOWS\System32\win32u.dll
0x00007ff9c5ae0000 - 0x00007ff9c5d73000 	C:\WINDOWS\WinSxS\amd64_microsoft.windows.common-controls_6595b64144ccf1df_6.0.26100.7824_none_3e0870b2e3345462\COMCTL32.dll
0x00007ff9da8d0000 - 0x00007ff9da8fb000 	C:\WINDOWS\System32\GDI32.dll
0x00007ff9d9600000 - 0x00007ff9d972b000 	C:\WINDOWS\System32\gdi32full.dll
0x00007ff9d9410000 - 0x00007ff9d94b3000 	C:\WINDOWS\System32\msvcp_win.dll
0x00007ff9cf240000 - 0x00007ff9cf24b000 	C:\WINDOWS\SYSTEM32\VERSION.dll
0x00007ff9db890000 - 0x00007ff9db8c1000 	C:\WINDOWS\System32\IMM32.DLL
0x00007ff9aa760000 - 0x00007ff9aa76c000 	C:\Program Files\Java\jdk-17\bin\vcruntime140_1.dll
0x00007ff93a220000 - 0x00007ff93a2ae000 	C:\Program Files\Java\jdk-17\bin\msvcp140.dll
0x00007ff916b00000 - 0x00007ff9176e0000 	C:\Program Files\Java\jdk-17\bin\server\jvm.dll
0x00007ff9d9b90000 - 0x00007ff9d9b98000 	C:\WINDOWS\System32\PSAPI.DLL
0x00007ff9cf200000 - 0x00007ff9cf235000 	C:\WINDOWS\SYSTEM32\WINMM.dll
0x00007ff9ac930000 - 0x00007ff9ac93a000 	C:\WINDOWS\SYSTEM32\WSOCK32.dll
0x00007ff9db4b0000 - 0x00007ff9db524000 	C:\WINDOWS\System32\WS2_32.dll
0x00007ff9d7140000 - 0x00007ff9d715b000 	C:\WINDOWS\SYSTEM32\kernel.appcore.dll
0x00007ff9aa730000 - 0x00007ff9aa73a000 	C:\Program Files\Java\jdk-17\bin\jimage.dll
0x00007ff9cbf60000 - 0x00007ff9cc1a2000 	C:\WINDOWS\SYSTEM32\DBGHELP.DLL
0x00007ff9da300000 - 0x00007ff9da686000 	C:\WINDOWS\System32\combase.dll
0x00007ff9da7f0000 - 0x00007ff9da8c7000 	C:\WINDOWS\System32\OLEAUT32.dll
0x00007ff9b5790000 - 0x00007ff9b57cb000 	C:\WINDOWS\SYSTEM32\dbgcore.DLL
0x00007ff9d94c0000 - 0x00007ff9d9565000 	C:\WINDOWS\System32\bcryptPrimitives.dll
0x00007ff9aa650000 - 0x00007ff9aa65e000 	C:\Program Files\Java\jdk-17\bin\instrument.dll
0x00007ff951220000 - 0x00007ff951245000 	C:\Program Files\Java\jdk-17\bin\java.dll
0x00007ff932640000 - 0x00007ff932717000 	C:\Program Files\Java\jdk-17\bin\jsvml.dll
0x00007ff9d9ba0000 - 0x00007ff9da2f2000 	C:\WINDOWS\System32\SHELL32.dll
0x00007ff9d9730000 - 0x00007ff9d989a000 	C:\WINDOWS\System32\wintypes.dll
0x00007ff9d8ae0000 - 0x00007ff9d9343000 	C:\WINDOWS\System32\windows.storage.dll
0x00007ff9db3b0000 - 0x00007ff9db4a6000 	C:\WINDOWS\System32\SHCORE.dll
0x00007ff9d9a10000 - 0x00007ff9d9a77000 	C:\WINDOWS\System32\shlwapi.dll
0x00007ff9d8300000 - 0x00007ff9d8329000 	C:\WINDOWS\SYSTEM32\profapi.dll
0x00007ff995360000 - 0x00007ff995378000 	C:\Program Files\Java\jdk-17\bin\zip.dll
0x00007ff980610000 - 0x00007ff980629000 	C:\Program Files\Java\jdk-17\bin\net.dll
0x00007ff9d2430000 - 0x00007ff9d2557000 	C:\WINDOWS\SYSTEM32\WINHTTP.dll
0x00007ff9d7690000 - 0x00007ff9d76fb000 	C:\WINDOWS\system32\mswsock.dll
0x00007ff975530000 - 0x00007ff975546000 	C:\Program Files\Java\jdk-17\bin\nio.dll
0x00007ff9a7b50000 - 0x00007ff9a7b60000 	C:\Program Files\Java\jdk-17\bin\verify.dll
0x00007ff9402f0000 - 0x00007ff940317000 	C:\Users\adish\.gradle\native\1def1411415f61bf3af743bc5b6707747c0891f09f0c88961ee8f79bc544acac\windows-amd64\native-platform.dll
0x00007ff939b10000 - 0x00007ff939b88000 	C:\Users\adish\.gradle\native\0.2.7\x86_64-windows-gnu\gradle-fileevents.dll
0x00007ff9a4370000 - 0x00007ff9a437a000 	C:\Program Files\Java\jdk-17\bin\management.dll
0x00007ff9a3280000 - 0x00007ff9a328b000 	C:\Program Files\Java\jdk-17\bin\management_ext.dll
0x00007ff9d6b40000 - 0x00007ff9d6b74000 	C:\WINDOWS\SYSTEM32\IPHLPAPI.DLL
0x00007ff9da690000 - 0x00007ff9da69a000 	C:\WINDOWS\System32\NSI.dll
0x00007ff9d2630000 - 0x00007ff9d264e000 	C:\WINDOWS\SYSTEM32\dhcpcsvc6.DLL
0x00007ff9d2600000 - 0x00007ff9d2623000 	C:\WINDOWS\SYSTEM32\dhcpcsvc.DLL
0x00007ff9d6bd0000 - 0x00007ff9d6cfc000 	C:\WINDOWS\SYSTEM32\DNSAPI.dll
0x00007ff9d7a80000 - 0x00007ff9d7a9b000 	C:\WINDOWS\SYSTEM32\CRYPTSP.dll
0x00007ff9d70a0000 - 0x00007ff9d70d9000 	C:\WINDOWS\system32\rsaenh.dll
0x00007ff9d7740000 - 0x00007ff9d776b000 	C:\WINDOWS\SYSTEM32\USERENV.dll
0x00007ff9d82d0000 - 0x00007ff9d82fa000 	C:\WINDOWS\SYSTEM32\bcrypt.dll
0x00007ff9d78e0000 - 0x00007ff9d78ec000 	C:\WINDOWS\SYSTEM32\CRYPTBASE.dll
0x00007ff99ad90000 - 0x00007ff99ad9e000 	C:\Program Files\Java\jdk-17\bin\sunmscapi.dll
0x00007ff9d8410000 - 0x00007ff9d8587000 	C:\WINDOWS\System32\CRYPT32.dll
0x00007ff9d7c50000 - 0x00007ff9d7c80000 	C:\WINDOWS\SYSTEM32\ncrypt.dll
0x00007ff9d7c00000 - 0x00007ff9d7c3f000 	C:\WINDOWS\SYSTEM32\NTASN1.dll
0x00007ff9a5760000 - 0x00007ff9a5768000 	C:\WINDOWS\system32\wshunix.dll
0x00007ff9d7260000 - 0x00007ff9d7296000 	C:\WINDOWS\SYSTEM32\ntmarta.dll
0x00007ff9d18e0000 - 0x00007ff9d18eb000 	C:\Windows\System32\rasadhlp.dll
0x00007ff9d2850000 - 0x00007ff9d28d6000 	C:\WINDOWS\System32\fwpuclnt.dll
0x00007ff9d5dd0000 - 0x00007ff9d5e6e000 	C:\WINDOWS\system32\apphelp.dll

dbghelp: loaded successfully - version: 4.0.5 - missing functions: none
symbol engine: initialized successfully - sym options: 0x614 - pdb path: .;C:\Program Files\Java\jdk-17\bin;C:\WINDOWS\SYSTEM32;C:\WINDOWS\WinSxS\amd64_microsoft.windows.common-controls_6595b64144ccf1df_6.0.26100.7824_none_3e0870b2e3345462;C:\Program Files\Java\jdk-17\bin\server;C:\Users\adish\.gradle\native\1def1411415f61bf3af743bc5b6707747c0891f09f0c88961ee8f79bc544acac\windows-amd64;C:\Users\adish\.gradle\native\0.2.7\x86_64-windows-gnu

VM Arguments:
jvm_args: --add-opens=java.base/java.lang=ALL-UNNAMED --add-opens=java.base/java.lang.invoke=ALL-UNNAMED --add-opens=java.base/java.util=ALL-UNNAMED --add-opens=java.prefs/java.util.prefs=ALL-UNNAMED --add-exports=jdk.compiler/com.sun.tools.javac.api=ALL-UNNAMED --add-exports=jdk.compiler/com.sun.tools.javac.util=ALL-UNNAMED --add-opens=java.base/java.util=ALL-UNNAMED --add-opens=java.prefs/java.util.prefs=ALL-UNNAMED --add-opens=java.base/java.nio.charset=ALL-UNNAMED --add-opens=java.base/java.net=ALL-UNNAMED --add-opens=java.base/java.util.concurrent.atomic=ALL-UNNAMED --add-opens=java.xml/javax.xml.namespace=ALL-UNNAMED -Xmx2048m -Dfile.encoding=UTF-8 -Duser.country=US -Duser.language=en -Duser.variant -javaagent:C:\Users\adish\.gradle\wrapper\dists\gradle-8.13-bin\5xuhj0ry160q40clulazy9h7d\gradle-8.13\lib\agents\gradle-instrumentation-agent-8.13.jar 
java_command: org.gradle.launcher.daemon.bootstrap.GradleDaemon 8.13
java_class_path (initial): C:\Users\adish\.gradle\wrapper\dists\gradle-8.13-bin\5xuhj0ry160q40clulazy9h7d\gradle-8.13\lib\gradle-daemon-main-8.13.jar
Launcher Type: SUN_STANDARD

[Global flags]
     intx CICompilerCount                          = 12                                        {product} {ergonomic}
     uint ConcGCThreads                            = 3                                         {product} {ergonomic}
     uint G1ConcRefinementThreads                  = 13                                        {product} {ergonomic}
   size_t G1HeapRegionSize                         = 1048576                                   {product} {ergonomic}
    uintx GCDrainStackTargetSize                   = 64                                        {product} {ergonomic}
   size_t InitialHeapSize                          = 125829120                                 {product} {ergonomic}
   size_t MarkStackSize                            = 4194304                                   {product} {ergonomic}
   size_t MaxHeapSize                              = 2147483648                                {product} {command line}
   size_t MaxNewSize                               = 1287651328                                {product} {ergonomic}
   size_t MinHeapDeltaBytes                        = 1048576                                   {product} {ergonomic}
   size_t MinHeapSize                              = 8388608                                   {product} {ergonomic}
    uintx NonNMethodCodeHeapSize                   = 7602480                                {pd product} {ergonomic}
    uintx NonProfiledCodeHeapSize                  = 122027880                              {pd product} {ergonomic}
    uintx ProfiledCodeHeapSize                     = 122027880                              {pd product} {ergonomic}
    uintx ReservedCodeCacheSize                    = 251658240                              {pd product} {ergonomic}
     bool SegmentedCodeCache                       = true                                      {product} {ergonomic}
   size_t SoftMaxHeapSize                          = 2147483648                             {manageable} {ergonomic}
     bool UseCompressedClassPointers               = true                           {product lp64_product} {ergonomic}
     bool UseCompressedOops                        = true                           {product lp64_product} {ergonomic}
     bool UseG1GC                                  = true                                      {product} {ergonomic}
     bool UseLargePagesIndividualAllocation        = false                                  {pd product} {ergonomic}

Logging:
Log output configuration:
 #0: stdout all=warning uptime,level,tags
 #1: stderr all=off uptime,level,tags

Environment Variables:
PATH=C:\Program Files\Common Files\Oracle\Java\javapath;C:\Program Files (x86)\Common Files\Oracle\Java\java8path;C:\Program Files (x86)\Common Files\Oracle\Java\javapath;C:\Windows\system32;C:\Windows;C:\Windows\System32\Wbem;C:\Windows\System32\WindowsPowerShell\v1.0\;C:\Windows\System32\OpenSSH\;C:\Program Files (x86)\NVIDIA Corporation\PhysX\Common;C:\Program Files\NVIDIA Corporation\NVIDIA NvDLISR;C:\WINDOWS\system32;C:\WINDOWS;C:\WINDOWS\System32\Wbem;C:\WINDOWS\System32\WindowsPowerShell\v1.0\;C:\WINDOWS\System32\OpenSSH\;C:\Program Files\dotnet\;C:\Program Files\Cloudflare\Cloudflare WARP\;C:\Program Files\Git\cmd;C:\Users\adish\AppData\Local\nvm;C:\nvm4w\nodejs;C:\Program Files\Common Files\Oracle\Java\javapath;C:\Program Files (x86)\Common Files\Oracle\Java\java8path;C:\Program Files (x86)\Common Files\Oracle\Java\javapath;C:\Windows\system32;C:\Windows;C:\Windows\System32\Wbem;C:\Windows\System32\WindowsPowerShell\v1.0\;C:\Windows\System32\OpenSSH\;C:\Program Files (x86)\NVIDIA Corporation\PhysX\Common;C:\Program Files\NVIDIA Corporation\NVIDIA NvDLISR;C:\WINDOWS\system32;C:\WINDOWS;C:\WINDOWS\System32\Wbem;C:\WINDOWS\System32\WindowsPowerShell\v1.0\;C:\WINDOWS\System32\OpenSSH\;C:\Program Files\dotnet\;C:\Program Files\Cloudflare\Cloudflare WARP\;C:\Program Files\Git\cmd;C:\Users\adish\AppData\Local\nvm;C:\nvm4w\nodejs;C:\Users\adish\AppData\Local\Android\Sdk\platform-tools;C:\Users\adish\AppData\Local\Programs\Microsoft VS Code\bin
USERNAME=adish
OS=Windows_NT
PROCESSOR_IDENTIFIER=AMD64 Family 23 Model 96 Stepping 1, AuthenticAMD



---------------  S Y S T E M  ---------------

OS:
 Windows 11 , 64 bit Build 26100 (10.0.26100.7705)
OS uptime: 0 days 5:47 hours
Hyper-V role detected

CPU: total 16 (initial active 16) (16 cores per cpu, 2 threads per core) family 23 model 96 stepping 1 microcode 0x8600106, cx8, cmov, fxsr, ht, mmx, 3dnowpref, sse, sse2, sse3, ssse3, sse4a, sse4.1, sse4.2, popcnt, lzcnt, tsc, tscinvbit, avx, avx2, aes, clmul, bmi1, bmi2, adx, sha, fma, vzeroupper, clflush, clflushopt, hv

Memory: 4k page, system-wide physical 7598M (556M free)
TotalPageFile size 17213M (AvailPageFile size 245M)
current process WorkingSet (physical memory assigned to process): 1118M, peak: 1326M
current process commit charge ("private bytes"): 1606M, peak: 1891M

vm_info: Java HotSpot(TM) 64-Bit Server VM (17.0.12+8-LTS-286) for windows-amd64 JRE (17.0.12+8-LTS-286), built on Jun  5 2024 06:46:59 by "mach5one" with MS VC++ 17.6 (VS2022)

END.
